-- phpMyAdmin SQL Dump
-- version 5.2.1
-- https://www.phpmyadmin.net/
--
-- Host: localhost
-- Generation Time: Dec 07, 2023 at 01:36 PM
-- Server version: 10.4.28-MariaDB
-- PHP Version: 8.2.4

SET SQL_MODE = "NO_AUTO_VALUE_ON_ZERO";
START TRANSACTION;
SET time_zone = "+00:00";


/*!40101 SET @OLD_CHARACTER_SET_CLIENT=@@CHARACTER_SET_CLIENT */;
/*!40101 SET @OLD_CHARACTER_SET_RESULTS=@@CHARACTER_SET_RESULTS */;
/*!40101 SET @OLD_COLLATION_CONNECTION=@@COLLATION_CONNECTION */;
/*!40101 SET NAMES utf8mb4 */;

--
-- Database: `Estimazon`
--

-- --------------------------------------------------------

--
-- Table structure for table `categoria`
--

CREATE TABLE `categoria` (
  `nombreCategoria` varchar(50) NOT NULL
) ENGINE=InnoDB DEFAULT CHARSET=utf8mb4 COLLATE=utf8mb4_general_ci;

--
-- Dumping data for table `categoria`
--

INSERT INTO `categoria` (`nombreCategoria`) VALUES
('Alimentos'),
('Arte y manualidades'),
('Artículos para el hogar'),
('Electrónica'),
('Instrumentos musicales'),
('Juguetes'),
('Libros'),
('Oficina y papelería');

-- --------------------------------------------------------

--
-- Table structure for table `comprador`
--

CREATE TABLE `comprador` (
  `idPersona` int(11) NOT NULL
) ENGINE=InnoDB DEFAULT CHARSET=utf8mb4 COLLATE=utf8mb4_general_ci;

--
-- Dumping data for table `comprador`
--

INSERT INTO `comprador` (`idPersona`) VALUES
(90),
(91),
(92),
(93),
(94),
(95),
(96),
(97),
(98),
(99),
(100),
(101),
(102),
(103),
(104),
(105),
(106),
(107),
(108),
(109),
(110),
(111),
(112),
(113),
(114),
(115),
(116),
(117),
(118),
(119),
(120),
(121),
(122),
(123),
(124),
(125),
(126),
(127),
(128),
(129),
(130),
(131),
(132),
(133),
(134),
(135),
(136),
(137),
(138),
(139),
(140),
(141),
(142),
(143),
(144),
(145),
(146),
(147),
(148),
(149),
(150),
(151),
(152),
(153),
(154),
(155),
(156),
(157),
(158),
(159),
(160),
(161),
(162),
(163),
(164),
(165),
(166),
(167),
(168),
(169),
(170),
(171),
(172),
(173),
(174),
(175),
(176),
(177),
(178),
(179),
(180),
(181),
(182),
(183),
(184),
(185),
(186),
(187),
(188),
(189),
(190),
(191),
(192),
(193),
(194),
(195),
(196),
(197),
(198),
(199),
(200),
(201),
(202),
(203),
(204),
(205),
(206),
(207),
(208),
(209),
(210),
(211),
(212),
(213),
(214),
(215),
(216),
(217),
(218),
(219),
(220),
(221),
(222),
(223),
(224),
(225),
(226),
(227),
(228),
(229),
(230),
(231),
(232),
(233),
(234),
(235),
(236),
(237),
(238),
(239),
(240),
(241),
(242),
(243),
(244),
(245),
(246),
(247),
(248),
(249),
(250),
(251),
(252),
(253),
(254),
(255),
(256),
(257),
(258),
(259),
(260),
(261),
(262),
(263),
(264),
(265),
(266),
(267),
(268),
(269),
(270),
(271),
(272),
(273),
(274),
(275),
(276),
(277),
(278),
(279),
(280),
(281),
(282),
(283),
(284),
(285),
(286),
(287),
(288),
(289),
(290),
(291),
(292),
(293),
(294),
(295),
(296),
(297),
(298),
(299),
(300),
(301),
(302),
(303),
(304),
(305),
(306),
(307),
(308),
(309),
(310),
(311),
(312),
(313),
(314),
(315),
(316),
(317),
(318),
(319),
(320),
(321),
(322),
(323),
(324),
(325),
(326),
(327),
(328),
(329),
(330),
(331),
(332),
(333),
(334),
(335),
(336),
(337),
(338),
(339),
(340),
(341),
(342),
(343),
(344),
(345),
(346),
(347),
(348),
(349),
(350),
(351),
(352),
(353),
(354),
(355),
(356),
(357),
(358),
(359),
(360),
(361),
(362),
(363),
(364),
(365),
(366),
(367),
(368),
(369),
(370),
(371),
(372),
(373),
(374),
(375),
(376),
(377),
(378),
(379),
(380),
(381),
(382),
(383),
(384),
(385),
(386),
(387),
(388),
(389),
(390),
(391),
(392),
(393),
(394),
(395),
(396),
(397),
(398),
(399),
(400),
(401),
(402),
(403),
(404),
(405),
(406),
(407),
(408),
(409),
(410),
(411),
(412),
(413),
(414),
(415),
(416),
(417),
(418),
(419),
(420),
(421),
(422),
(423),
(424),
(425),
(426),
(427),
(428),
(429),
(430),
(431),
(432),
(433),
(434),
(435),
(436),
(437),
(438),
(439),
(440),
(441),
(442),
(443),
(444),
(445),
(446),
(447),
(448),
(449),
(450),
(451),
(452),
(453),
(454),
(455),
(456),
(457),
(458),
(459),
(460),
(461),
(462),
(463),
(464),
(465),
(466),
(467),
(468),
(469),
(470),
(471),
(472),
(473),
(474),
(475),
(476),
(477),
(478),
(479),
(480),
(481),
(482),
(483),
(484),
(485),
(486),
(487),
(488),
(489),
(490),
(491),
(492),
(493),
(494),
(495),
(496),
(497),
(498),
(499),
(500),
(501),
(502),
(503),
(504),
(505),
(506),
(507),
(508),
(509),
(510),
(511),
(512),
(513),
(514),
(515),
(516),
(517),
(518),
(519),
(520),
(521),
(522),
(523),
(524),
(525),
(526),
(527),
(528),
(529),
(530),
(531),
(532),
(533),
(534),
(535),
(536),
(537),
(538),
(539),
(540),
(541),
(542),
(543),
(544),
(545),
(546),
(547),
(548),
(549),
(550),
(551),
(552),
(553),
(554),
(555),
(556),
(557),
(558),
(559),
(560),
(561),
(562),
(563),
(564),
(565),
(566),
(567),
(568),
(569),
(570),
(571),
(572),
(573),
(574),
(575),
(576),
(577),
(578),
(579),
(580),
(581),
(582),
(583),
(584),
(585),
(586),
(587),
(588),
(589),
(590),
(591),
(592),
(593),
(594),
(595),
(596),
(597),
(598),
(599),
(600),
(601),
(602),
(603),
(604),
(605),
(606),
(607),
(608),
(609),
(610),
(611),
(612),
(613),
(614),
(615),
(616),
(617),
(618),
(619),
(620),
(621),
(622),
(623),
(624),
(625),
(626),
(627),
(628),
(629),
(630),
(631),
(632),
(633),
(634),
(635),
(636),
(637),
(638),
(639),
(640),
(641),
(642),
(643),
(644),
(645),
(646),
(647),
(648),
(649),
(650),
(651),
(652),
(653),
(654),
(655),
(656),
(657),
(658),
(659),
(660),
(661),
(662),
(663),
(664),
(665),
(666),
(667),
(668),
(669),
(670),
(671),
(672),
(673),
(674),
(675),
(676),
(677),
(678),
(679),
(680),
(681),
(682),
(683),
(684),
(685),
(686),
(687),
(688),
(689),
(690),
(691),
(692),
(693),
(694),
(695),
(696),
(697),
(698),
(699),
(700),
(701),
(702),
(703),
(704),
(705),
(706),
(707),
(708),
(709),
(710),
(711),
(712),
(713),
(714),
(715),
(716),
(717),
(718),
(719),
(720),
(721),
(722),
(723),
(724),
(725),
(726),
(727),
(728),
(729),
(730),
(731),
(732),
(733),
(734),
(735),
(736),
(737),
(738),
(739),
(740),
(741),
(742),
(743),
(744),
(745),
(746),
(747),
(748),
(749),
(750),
(751),
(752),
(753),
(754),
(755),
(756),
(757),
(758),
(759),
(760),
(761),
(762),
(763),
(764),
(765),
(766),
(767),
(768),
(769),
(770),
(771),
(772),
(773),
(774),
(775),
(776),
(777),
(778),
(779),
(780),
(781),
(782),
(783),
(784),
(785),
(786),
(787),
(788),
(789),
(790),
(791),
(792),
(793),
(794),
(795),
(796),
(797),
(798),
(799),
(800),
(801),
(802),
(803),
(804),
(805),
(806),
(807),
(808),
(809),
(810),
(811),
(812),
(813),
(814),
(815),
(816),
(817),
(818),
(819),
(820),
(821),
(822),
(823),
(824),
(825),
(826),
(827),
(828),
(829),
(830),
(831),
(832),
(833),
(834),
(835),
(836),
(837),
(838),
(839),
(840),
(841),
(842),
(843),
(844),
(845),
(846),
(847),
(848),
(849),
(850);

-- --------------------------------------------------------

--
-- Table structure for table `controlador`
--

CREATE TABLE `controlador` (
  `idPersona` int(11) NOT NULL
) ENGINE=InnoDB DEFAULT CHARSET=utf8mb4 COLLATE=utf8mb4_general_ci;

--
-- Dumping data for table `controlador`
--

INSERT INTO `controlador` (`idPersona`) VALUES
(850),
(851),
(852),
(853),
(854),
(855),
(856),
(857),
(858),
(859),
(860),
(861),
(862),
(863),
(864),
(865),
(866),
(867),
(868),
(869),
(870),
(871),
(872),
(873),
(874),
(875),
(876),
(877),
(878),
(879),
(880),
(881),
(882),
(883),
(884),
(885),
(886),
(887),
(888),
(889),
(890),
(891),
(892),
(893),
(894),
(895),
(896),
(897),
(898),
(899),
(900);

-- --------------------------------------------------------

--
-- Table structure for table `empresadistribuidora`
--

CREATE TABLE `empresadistribuidora` (
  `idEmpresa` int(11) NOT NULL,
  `nombreEmpresa` varchar(100) NOT NULL
) ENGINE=InnoDB DEFAULT CHARSET=utf8mb4 COLLATE=utf8mb4_general_ci;

--
-- Dumping data for table `empresadistribuidora`
--

INSERT INTO `empresadistribuidora` (`idEmpresa`, `nombreEmpresa`) VALUES
(1, 'General Communication, Inc.'),
(2, 'Federal Realty Investment Trust'),
(3, 'Alamo Group, Inc.'),
(4, 'Goldman Sachs Group, Inc. (The)'),
(5, 'The Meet Group, Inc.'),
(6, 'WisdomTree Middle East Dividend Fund'),
(7, 'Atento S.A.'),
(8, 'Qumu Corporation'),
(9, 'BlackRock 2022 Global Income Opportunity Trust'),
(10, 'Pacific Ethanol, Inc.'),
(11, 'Eaton vance Floating-Rate Income Plus Fund'),
(12, 'Electrum Special Acquisition Corporation'),
(13, 'Continental Resources, Inc.'),
(14, 'TerraForm Global, Inc.'),
(15, 'Northern Trust Corporation'),
(16, 'BRT Apartments Corp.'),
(17, 'Duke Energy Corporation'),
(18, 'ChinaCache International Holdings Ltd.'),
(19, 'M I Acquisitions, Inc.'),
(20, 'Equity Lifestyle Properties, Inc.'),
(21, 'iPath US Treasury 2-year Bear ETN'),
(22, 'Origo Acquisition Corporation'),
(23, 'Blackrock Municipal 2020 Term Trust'),
(24, 'LivePerson, Inc.'),
(25, 'Norwood Financial Corp.'),
(26, 'Momo Inc.'),
(27, 'Mednax, Inc'),
(28, 'Antero Midstream GP LP'),
(29, 'Zions Bancorporation'),
(30, 'Allegion plc'),
(31, 'Comtech Telecommunications Corp.'),
(32, 'Aimmune Therapeutics, Inc.'),
(33, 'Berkshire Hathaway Inc.'),
(34, 'Cedar Realty Trust, Inc.'),
(35, 'Alkermes plc'),
(36, 'Global Partner Acquisition Corp.'),
(37, 'WisdomTree U.S. Quality Dividend Growth Fund'),
(38, 'United Community Bancorp'),
(39, 'John Hancock Preferred Income Fund'),
(40, 'Scorpio Tankers Inc.'),
(41, 'Highland Funds I'),
(42, 'Lion Biotechnologies, Inc.'),
(43, 'Pieris Pharmaceuticals, Inc.'),
(44, 'Allscripts Healthcare Solutions, Inc.'),
(45, 'Saban Capital Acquisition Corp.'),
(46, 'CoreCivic, Inc.'),
(47, 'CA Inc.'),
(48, 'John Wiley & Sons, Inc.'),
(49, 'Preformed Line Products Company'),
(50, 'Neurotrope, Inc.'),
(51, 'Aquinox Pharmaceuticals, Inc.'),
(52, 'Martin Midstream Partners L.P.'),
(53, 'SPI Energy Co., Ltd.'),
(54, 'The Advisory Board Company'),
(55, 'Cowen Inc.'),
(57, 'Interface, Inc.');

-- --------------------------------------------------------

--
-- Table structure for table `fichaproducto`
--

CREATE TABLE `fichaproducto` (
  `idFichaProducto` int(11) NOT NULL,
  `nombre` varchar(50) NOT NULL,
  `precio` int(11) DEFAULT NULL,
  `descripcion` text DEFAULT NULL,
  `stock` int(11) DEFAULT NULL,
  `idVendedor` int(11) DEFAULT NULL,
  `nombreCategoria` varchar(25) DEFAULT NULL
) ENGINE=InnoDB DEFAULT CHARSET=utf8mb4 COLLATE=utf8mb4_general_ci;

--
-- Dumping data for table `fichaproducto`
--

INSERT INTO `fichaproducto` (`idFichaProducto`, `nombre`, `precio`, `descripcion`, `stock`, `idVendedor`, `nombreCategoria`) VALUES
(1, 'Pan Integral', 2, 'Pan integral horneado diariamente, ideal para desayunos nutritivos.', 50, 93, 'alimentos'),
(2, 'Leche Entera', 1, 'Leche entera pasteurizada, rica en calcio y vitaminas.', 80, 58, 'alimentos'),
(3, 'Queso Cheddar', 4, 'Queso cheddar añejo, perfecto para gratinar o en sándwiches.', 70, 10, 'alimentos'),
(4, 'Yogur Natural', 1, 'Yogur natural sin azúcar añadido, ideal para un desayuno ligero.', 60, 77, 'alimentos'),
(5, 'Espinacas Frescas', 1, 'Hojas de espinaca frescas, una excelente fuente de hierro y vitaminas.', 90, 54, 'alimentos'),
(6, 'Zanahorias', 2, 'Zanahorias crujientes y dulces, perfectas para ensaladas o como snack.', 110, 39, 'alimentos'),
(7, 'Tomates Cherry', 2, 'Tomates cherry jugosos, ideales para aperitivos o ensaladas.', 120, 33, 'alimentos'),
(8, 'Pollo Entero', 8, 'Pollo entero, fresco y listo para cocinar.', 30, 45, 'alimentos'),
(9, 'Salmón Fresco', 10, 'Filetes de salmón fresco, ricos en omega 3.', 40, 28, 'alimentos'),
(10, 'Arroz Basmati', 3, 'Arroz basmati de grano largo, ideal para platos exóticos.', 70, 4, 'alimentos'),
(11, 'Lentejas', 2, 'Lentejas ricas en proteínas, perfectas para guisos y ensaladas.', 85, 37, 'alimentos'),
(12, 'Huevos de Corral', 2, 'Huevos de corral, frescos y nutritivos.', 95, 70, 'alimentos'),
(13, 'Chocolate Negro', 3, 'Chocolate negro con un 70% de cacao, rico y antioxidante.', 65, 38, 'alimentos'),
(14, 'Aceite de Oliva', 5, 'Aceite de oliva virgen extra, ideal para aderezos y cocinar.', 55, 79, 'alimentos'),
(15, 'Pasta Fusilli', 1, 'Pasta fusilli, perfecta para platos rápidos y sabrosos.', 100, 80, 'alimentos'),
(16, 'Té Verde', 4, 'Té verde, antioxidante y refrescante.', 80, 63, 'alimentos'),
(17, 'Café Molido', 4, 'Café molido de tueste natural, ideal para comenzar el día.', 75, 75, 'alimentos'),
(18, 'Almendras', 3, 'Almendras crudas, un snack saludable y energético.', 60, 85, 'alimentos'),
(19, 'Kit de Pinturas Acrílicas', 16, 'Set de pinturas acrílicas de colores variados para todo tipo de manualidades.', 40, 27, 'Arte y manualidades'),
(20, 'Pinceles de Diferentes Tamaños', 10, 'Juego de pinceles en varios tamaños, ideales para pintura detallada y de grandes superficies.', 35, 31, 'Arte y manualidades'),
(21, 'Papel de Origami', 5, 'Papel de origami en colores brillantes y estampados, para crear figuras y decoraciones únicas.', 50, 75, 'Arte y manualidades'),
(22, 'Set de Scrapbooking', 20, 'Kit completo para scrapbooking, incluye papeles, pegatinas y herramientas.', 30, 82, 'Arte y manualidades'),
(23, 'Hilo para Tejer', 7, 'Hilos de colores para tejer, suaves y duraderos, ideales para todo tipo de proyectos de tejido.', 45, 82, 'Arte y manualidades'),
(24, 'Perlas y Abalorios', 8, 'Variedad de perlas y abalorios para la creación de joyería y accesorios decorativos.', 55, 64, 'Arte y manualidades'),
(25, 'Kit de Modelado de Arcilla', 15, 'Kit completo para modelado de arcilla, incluye herramientas y arcilla de secado al aire.', 25, 72, 'Arte y manualidades'),
(26, 'Set de Sellos Decorativos', 9, 'Colección de sellos con distintos motivos y patrones, perfectos para personalizar tarjetas y proyectos de papel.', 40, 70, 'Arte y manualidades'),
(27, 'Pegamento para Manualidades', 4, 'Pegamento no tóxico, ideal para todo tipo de proyectos de manualidades.', 60, 33, 'Arte y manualidades'),
(28, 'Cintas Decorativas', 6, 'Cintas de varios colores y diseños, perfectas para decorar y embellecer proyectos.', 50, 52, 'Arte y manualidades'),
(29, 'Kit de Bordado Básico', 12, 'Kit de inicio para bordado que incluye hilos, agujas y tela, ideal para principiantes.', 30, 63, 'Arte y manualidades'),
(30, 'Juego de Sábanas de Algodón', 26, 'Sábanas de algodón suave, tamaño queen, incluye fundas de almohada.', 20, 94, 'Artículos para el hogar'),
(31, 'Set de Utensilios de Cocina', 35, 'Set completo de utensilios de cocina de acero inoxidable, incluye espátula, cucharón y más.', 15, 89, 'Artículos para el hogar'),
(32, 'Lámpara de Mesa Moderna', 46, 'Lámpara de mesa con diseño moderno, perfecta para salones o dormitorios.', 10, 61, 'Artículos para el hogar'),
(33, 'Toallas de Baño de Microfibra', 20, 'Juego de toallas de microfibra suaves, absorbentes y de secado rápido.', 30, 39, 'Artículos para el hogar'),
(34, 'Vajilla de Porcelana', 60, 'Juego de vajilla de porcelana para 6 personas, incluye platos, tazas y cuencos.', 12, 13, 'Artículos para el hogar'),
(35, 'Aspiradora Inalámbrica', 90, 'Aspiradora inalámbrica potente y ligera, ideal para todo tipo de suelos.', 8, 45, 'Artículos para el hogar'),
(36, 'Juego de Cuchillos de Chef', 55, 'Set de cuchillos de chef de alta calidad, incluye afilador y soporte.', 18, 85, 'Artículos para el hogar'),
(37, 'Cortinas Opacas', 40, 'Cortinas opacas para bloquear la luz, perfectas para dormitorios y salas de estar.', 25, 92, 'Artículos para el hogar'),
(38, 'Robot de Cocina', 120, 'Robot de cocina multifuncional, ideal para preparar una variedad de platos fácilmente.', 6, 5, 'Artículos para el hogar'),
(39, 'Manta de Lana', 30, 'Manta de lana suave y cálida, ideal para las noches frías.', 20, 47, 'Artículos para el hogar'),
(40, 'Smartphone de Alta Gama', 700, 'Smartphone con pantalla OLED de 6.5 pulgadas, cámara triple y 128GB de almacenamiento.', 20, 16, 'Electrónica'),
(41, 'Portátil Ultraligero', 850, 'Portátil ultraligero de 13 pulgadas, ideal para trabajo y entretenimiento.', 15, 39, 'Electrónica'),
(42, 'Auriculares Inalámbricos', 60, 'Auriculares inalámbricos con cancelación de ruido y calidad de sonido superior.', 30, 46, 'Electrónica'),
(43, 'Consola de Videojuegos', 399, 'Consola de videojuegos de última generación con gráficos 4K.', 25, 12, 'Electrónica'),
(44, 'Cámara Digital DSLR', 500, 'Cámara DSLR con lentes intercambiables y alta resolución para fotografía profesional.', 10, 24, 'Electrónica'),
(45, 'Tableta Gráfica', 200, 'Tableta gráfica con lápiz sensible a la presión, ideal para diseñadores y artistas.', 18, 81, 'Electrónica'),
(46, 'Smartwatch Deportivo', 150, 'Smartwatch deportivo con seguimiento de actividad, GPS integrado y resistencia al agua.', 22, 34, 'Electrónica'),
(47, 'Altavoz Bluetooth Portátil', 90, 'Altavoz Bluetooth portátil con excelente calidad de sonido y batería de larga duración.', 35, 24, 'Electrónica'),
(48, 'Drone con Cámara', 250, 'Drone con cámara HD, control remoto y características para vuelo estable.', 12, 20, 'Electrónica'),
(49, 'Impresora Multifuncional', 120, 'Impresora multifuncional con capacidad de imprimir, escanear y copiar documentos.', 20, 28, 'Electrónica'),
(50, 'Guitarra Acústica', 120, 'Guitarra acústica de madera con excelente sonido y acabado.', 15, 89, 'Instrumentos musicales'),
(51, 'Teclado Electrónico', 200, 'Teclado electrónico con múltiples modos de sonido y acompañamiento.', 10, 59, 'Instrumentos musicales'),
(52, 'Violín Clásico', 250, 'Violín clásico de tamaño completo, ideal para estudiantes y profesionales.', 8, 27, 'Instrumentos musicales'),
(53, 'Batería Electrónica', 300, 'Batería electrónica compacta, perfecta para práctica en espacios reducidos.', 5, 58, 'Instrumentos musicales'),
(54, 'Saxofón Alto', 400, 'Saxofón alto en acabado dorado, incluye estuche y accesorios.', 4, 8, 'Instrumentos musicales'),
(55, 'Flauta Travesera', 100, 'Flauta travesera de níquel plata, adecuada para principiantes y estudiantes.', 12, 66, 'Instrumentos musicales'),
(56, 'Ukelele Soprano', 60, 'Ukelele soprano con cuerpo de madera, ideal para músicos de todos los niveles.', 20, 6, 'Instrumentos musicales'),
(57, 'Micrófono Condensador', 80, 'Micrófono condensador de estudio, ideal para grabaciones de voz y instrumentos.', 15, 30, 'Instrumentos musicales'),
(58, 'Controlador DJ', 150, 'Controlador DJ con pads sensibles al tacto y software integrado.', 7, 32, 'Instrumentos musicales'),
(59, 'Amplificador para Guitarra', 130, 'Amplificador de guitarra de 50W, con efectos incorporados y salida para auriculares.', 10, 68, 'Instrumentos musicales'),
(60, 'Muñeca Interactiva', 30, 'Muñeca interactiva con voz y movimientos, ideal para niños de más de 3 años.', 30, 42, 'Juguetes'),
(61, 'Set de Bloques de Construcción', 20, 'Set de bloques de construcción en colores vivos, estimula la creatividad y la motricidad fina.', 40, 48, 'Juguetes'),
(62, 'Coche a Control Remoto', 35, 'Coche a control remoto de alta velocidad, con batería recargable y resistente a los choques.', 25, 13, 'Juguetes'),
(63, 'Peluche de Oso Gigante', 50, 'Peluche de oso gigante, suave y abrazable, perfecto para regalar.', 15, 20, 'Juguetes'),
(64, 'Juego de Mesa Familiar', 25, 'Juego de mesa familiar divertido y educativo, ideal para noches de juego en familia.', 20, 59, 'Juguetes'),
(65, 'Puzzle 3D', 15, 'Puzzle 3D con diseño desafiante, promueve el pensamiento lógico y la paciencia.', 30, 38, 'Juguetes'),
(66, 'Figuras de Acción Coleccionables', 10, 'Figuras de acción coleccionables, con detalles auténticos y articulaciones móviles.', 50, 9, 'Juguetes'),
(67, 'Kit de Ciencia para Niños', 30, 'Kit de ciencia educativo para niños, incluye experimentos seguros y divertidos.', 22, 34, 'Juguetes'),
(68, 'Dron para Niños', 45, 'Dron diseñado para niños, fácil de operar y con características de seguridad.', 18, 40, 'Juguetes'),
(69, 'Cocina de Juguete', 40, 'Cocina de juguete interactiva con luces y sonidos, incluye accesorios de cocina.', 20, 100, 'Juguetes'),
(70, 'Novela de Misterio \"La Sombra del Viento\"', 13, 'Novela de misterio ambientada en la Barcelona de posguerra, una trama envolvente y misteriosa.', 40, 90, 'Libros'),
(71, 'Libro de Cocina \"Sabores del Mundo\"', 25, 'Recetas de diferentes culturas, ideal para explorar nuevos sabores y técnicas culinarias.', 30, 13, 'Libros'),
(72, 'Guía de Viajes \"Europa en 30 Días\"', 18, 'Guía práctica para viajar por Europa, con consejos, mapas y recomendaciones.', 20, 94, 'Libros'),
(73, 'Biografía \"La Vida de Leonardo Da Vinci\"', 16, 'Biografía detallada de Leonardo Da Vinci, explorando su vida, obra y legado.', 25, 30, 'Libros'),
(74, 'Libro Infantil \"Aventuras en el Espacio\"', 10, 'Libro ilustrado para niños, lleno de aventuras y descubrimientos en el espacio.', 35, 68, 'Libros'),
(75, 'Manual de Jardinería \"El Jardín en Casa\"', 20, 'Guía completa para el cuidado de jardines, ideal para aficionados y expertos.', 15, 51, 'Libros'),
(76, 'Novela Histórica \"Imperio Perdido\"', 15, 'Novela que narra la historia de un imperio antiguo, llena de intriga y drama.', 22, 48, 'Libros'),
(77, 'Libro de Autoayuda \"Cambia tu Mente\"', 11, 'Consejos prácticos para mejorar la salud mental y el bienestar emocional.', 40, 88, 'Libros'),
(78, 'Colección de Poesía \"Versos del Alma\"', 14, 'Colección de poemas que exploran diferentes emociones y experiencias humanas.', 18, 97, 'Libros'),
(79, 'Ciencia Ficción \"Mundos Paralelos\"', 17, 'Novela de ciencia ficción con un viaje a través de universos paralelos y realidades alternas.', 20, 17, 'Libros'),
(80, 'Paquete de Papel A4', 6, 'Paquete de 500 hojas de papel A4, calidad premium, ideal para impresión y fotocopias.', 50, 72, 'Oficina y papelería'),
(81, 'Bolígrafos de Tinta Gel', 10, 'Set de 10 bolígrafos de tinta gel en colores variados, perfectos para notas y subrayado.', 60, 45, 'Oficina y papelería'),
(82, 'Calculadora Científica', 15, 'Calculadora científica avanzada, adecuada para estudiantes y profesionales.', 30, 10, 'Oficina y papelería'),
(83, 'Carpeta Organizadora', 8, 'Carpeta organizadora con múltiples compartimentos, ideal para documentos importantes.', 40, 13, 'Oficina y papelería'),
(84, 'Agenda Personal 2023', 13, 'Agenda personal para el año 2023 con espacio para notas y citas diarias.', 55, 34, 'Oficina y papelería'),
(85, 'Sobres Manilla Tamaño Carta', 5, 'Paquete de 25 sobres manilla tamaño carta, ideales para envíos postales y almacenamiento de documentos.', 70, 31, 'Oficina y papelería'),
(86, 'Marcadores Fluorescentes', 9, 'Set de 6 marcadores fluorescentes, duraderos y perfectos para resaltar texto.', 45, 52, 'Oficina y papelería'),
(87, 'Pizarra Blanca Magnética', 20, 'Pizarra blanca magnética de tamaño mediano, incluye marcadores y borrador.', 25, 67, 'Oficina y papelería'),
(88, 'Dispensador de Cinta Adhesiva', 7, 'Dispensador de cinta adhesiva práctico y resistente, incluye una cinta adhesiva.', 50, 78, 'Oficina y papelería'),
(89, 'Archivador de Palanca', 10, 'Archivador de palanca en tamaño A4, con capacidad para 500 hojas, ideal para organizar documentos.', 35, 89, 'Oficina y papelería');

-- --------------------------------------------------------

--
-- Table structure for table `incidencia`
--

CREATE TABLE `incidencia` (
  `idIncidencia` int(11) NOT NULL,
  `descripcion` text DEFAULT NULL,
  `idPedido` int(11) DEFAULT NULL,
  `tipo` varchar(25) DEFAULT NULL
) ENGINE=InnoDB DEFAULT CHARSET=utf8mb4 COLLATE=utf8mb4_general_ci;

-- --------------------------------------------------------

--
-- Table structure for table `pedido`
--

CREATE TABLE `pedido` (
  `idPedido` int(11) NOT NULL,
  `fechaConfirmacion` date DEFAULT NULL,
  `idZona` int(11) DEFAULT NULL,
  `idComprador` int(11) DEFAULT NULL,
  `idRepartidor` int(11) DEFAULT NULL
) ENGINE=InnoDB DEFAULT CHARSET=utf8mb4 COLLATE=utf8mb4_general_ci;

-- --------------------------------------------------------

--
-- Table structure for table `persona`
--

CREATE TABLE `persona` (
  `idPersona` int(11) NOT NULL,
  `nombre` varchar(25) NOT NULL,
  `apellido1` varchar(25) NOT NULL,
  `apellido2` varchar(25) DEFAULT NULL
) ENGINE=InnoDB DEFAULT CHARSET=utf8mb4 COLLATE=utf8mb4_general_ci;

--
-- Dumping data for table `persona`
--

INSERT INTO `persona` (`idPersona`, `nombre`, `apellido1`, `apellido2`) VALUES
(1, 'Lusa', 'Hargess', 'Rignoldes'),
(2, 'Field', 'Marcham', 'Pasquale'),
(3, 'Sandy', 'Schoolcroft', 'Condie'),
(4, 'Gabbie', 'Vasyutochkin', 'Kleiner'),
(5, 'Cosetta', 'Balshen', 'Hudless'),
(6, 'Giorgi', 'Andreasen', 'Tournie'),
(7, 'Esta', 'Massimi', 'Arias'),
(8, 'Joann', 'Rawsthorne', 'Kneaphsey'),
(9, 'Bobbette', 'Tailby', 'Acum'),
(10, 'Garvin', 'Ellwand', 'Narramor'),
(11, 'Ferd', 'Goldstein', 'Faircley'),
(12, 'Madeline', 'Stowgill', 'Bunston'),
(13, 'Ferdinand', 'Fell', 'Cannell'),
(14, 'Seka', 'Cubbon', 'Groneway'),
(15, 'Carmelina', 'Gumery', 'Batts'),
(16, 'Winne', 'Denniston', 'Emmerson'),
(17, 'Raynor', 'Grewcock', 'Guilaem'),
(18, 'Louisette', 'Jahnisch', 'Clacson'),
(19, 'Darius', 'Strelitzer', 'O\'Dunniom'),
(20, 'Betsy', 'Stallard', 'Scallon'),
(21, 'Pearla', 'Lighterness', 'Semmens'),
(22, 'Drake', 'Birkhead', 'Ruos'),
(23, 'Penni', 'Alenin', 'Smowton'),
(24, 'Joyous', 'Foltin', 'Kohrsen'),
(25, 'Cayla', 'Bendixen', 'Melsom'),
(26, 'Reuben', 'Lomasny', 'Warrington'),
(27, 'Chelsea', 'Cattach', 'Traynor'),
(28, 'Joachim', 'Popov', 'Claque'),
(29, 'Bernetta', 'Jurczak', 'Goodoune'),
(30, 'Beltran', 'Glenfield', 'Salters'),
(31, 'Guthrie', 'Schoular', 'MacCrosson'),
(32, 'Asa', 'Phlippi', 'Unstead'),
(33, 'Marybelle', 'Laffling', 'Dreakin'),
(34, 'Hyacinth', 'Oldroyde', 'Sorbey'),
(35, 'Byrann', 'McTurk', 'Gameson'),
(36, 'Thea', 'Pedwell', 'Beric'),
(37, 'Fiona', 'McPaik', 'Culligan'),
(38, 'Avram', 'Bacher', 'Kirman'),
(39, 'Rockwell', 'Tarquini', 'Raper'),
(40, 'Andrey', 'Tweedy', 'Hagwood'),
(41, 'Jesselyn', 'Donnachie', 'Found'),
(42, 'Harp', 'Mylan', 'Mildenhall'),
(43, 'Alan', 'Pistol', 'Hellyer'),
(44, 'Britte', 'Froome', 'Shawyers'),
(45, 'Wynn', 'Lemmer', 'Roistone'),
(46, 'Morly', 'Tiernan', 'Loy'),
(47, 'Alberto', 'Steanson', 'Ovell'),
(48, 'Lamar', 'Winston', 'Batalini'),
(49, 'Banky', 'Spitell', 'Machon'),
(50, 'Adoree', 'Harnes', 'Fabbri'),
(51, 'Temple', 'Falkous', 'Ridd'),
(52, 'Ruddie', 'Knibbs', 'Bartali'),
(53, 'Ingeberg', 'Buggy', 'Parslow'),
(54, 'Brandon', 'Targetter', 'Flanigan'),
(55, 'Arnaldo', 'Itzchaky', 'Andraud'),
(56, 'Juliet', 'Hogben', 'Lyffe'),
(57, 'Kitty', 'Abys', 'Gotcliff'),
(58, 'Trever', 'Huccaby', 'Strand'),
(59, 'Camella', 'Bollis', 'Menguy'),
(60, 'Wilfrid', 'Heavens', 'Kleine'),
(61, 'Klaus', 'Hiorn', 'Chippindale'),
(62, 'Benedetto', 'McLauchlin', 'Sadlier'),
(63, 'Kirsti', 'Reast', 'Paulich'),
(64, 'Janifer', 'Virgo', 'Sand'),
(65, 'Frederico', 'Suddards', 'Knowling'),
(66, 'Urbanus', 'O\'Fihillie', 'Kauschke'),
(67, 'Ciro', 'Hengoed', 'Ridout'),
(68, 'Alix', 'Colborn', 'Ormston'),
(69, 'Reece', 'Durkin', 'Corkel'),
(70, 'Worth', 'Rushby', 'Sieghard'),
(71, 'Dar', 'Warde', 'Beadnall'),
(72, 'Marylee', 'Canadas', 'Ledgeway'),
(73, 'Demeter', 'Cator', 'Petrovykh'),
(74, 'Gilberta', 'Schruyers', 'Quarrell'),
(75, 'Guglielma', 'Perigo', 'Borthe'),
(76, 'Abigael', 'Rabbitt', 'Morland'),
(77, 'Rosalinda', 'Fee', 'Bohan'),
(78, 'Martguerita', 'Smewings', 'Vitet'),
(79, 'Aida', 'Phelip', 'Aris'),
(80, 'Loria', 'Skamell', 'Goodbourn'),
(81, 'Cyrillus', 'Dwyr', 'Venney'),
(82, 'Willdon', 'Glennon', 'Olpin'),
(83, 'Jenilee', 'Willoughey', 'Tullot'),
(84, 'Rodie', 'Riddiough', 'Farndell'),
(85, 'Roberto', 'Rosiello', 'Renhard'),
(86, 'Lacy', 'Hammett', 'Andraud'),
(87, 'Kessia', 'Fonte', 'Bosence'),
(88, 'Elane', 'McSperron', 'Dyett'),
(89, 'Marlow', 'Regglar', 'Phethean'),
(90, 'Kiri', 'MacNeely', 'Estick'),
(91, 'Florenza', 'O\'Collopy', 'Larcier'),
(92, 'Gilligan', 'Mathers', 'Elverstone'),
(93, 'Josee', 'Gerrard', 'Larrat'),
(94, 'Stearne', 'Dockreay', 'Sepey'),
(95, 'Zitella', 'Ronayne', 'McGarvey'),
(96, 'Kissie', 'Petr', 'Mogra'),
(97, 'Nevins', 'Lowson', 'Teek'),
(98, 'Renaldo', 'de Leon', 'Penrice'),
(99, 'Gwenni', 'Clementel', 'McCully'),
(100, 'Mahala', 'Instone', 'Orriss'),
(101, 'Levi', 'Willcocks', 'Sewter'),
(102, 'Amalee', 'Prise', 'Rydeard'),
(103, 'Denys', 'Struys', 'Rising'),
(104, 'Venus', 'Marwood', 'Zanelli'),
(105, 'Dorice', 'Ettery', 'Beatens'),
(106, 'Shara', 'Vell', 'Bantick'),
(107, 'Berton', 'Facer', 'Cleeton'),
(108, 'Murdoch', 'Rothermel', 'Chambers'),
(109, 'Georgianne', 'Jaquest', 'Filippazzo'),
(110, 'Clem', 'Strudwick', 'Koubu'),
(111, 'Cris', 'Blose', 'Gove'),
(112, 'Almeda', 'Paffot', 'Prettejohns'),
(113, 'Pia', 'Sander', 'Bwye'),
(114, 'Elke', 'Sollett', 'Margrem'),
(115, 'Bjorn', 'Breem', 'Chartre'),
(116, 'Clarine', 'Adolfson', 'Conman'),
(117, 'Harry', 'Gross', 'Durnill'),
(118, 'Harriot', 'Prevett', 'Carhart'),
(119, 'Valentin', 'Starbeck', 'Gandrich'),
(120, 'Gabi', 'Isacoff', 'Matiashvili'),
(121, 'Deeanne', 'Couling', 'Gristock'),
(122, 'Ermina', 'Gawthorp', 'Kort'),
(123, 'Hayden', 'Chittie', 'Geer'),
(124, 'Thia', 'Valens-Smith', 'Vedyashkin'),
(125, 'Madelin', 'Coopper', 'Andreu'),
(126, 'Lloyd', 'Searl', 'Leney'),
(127, 'Jorie', 'Molden', 'Witcombe'),
(128, 'Celeste', 'Konke', 'Askew'),
(129, 'Helsa', 'Lornsen', 'Goady'),
(130, 'Merilyn', 'Charnock', 'Heeley'),
(131, 'Barbra', 'Boxer', 'Betteriss'),
(132, 'Benoit', 'Alcide', 'Ghilardi'),
(133, 'Loree', 'Hegel', 'Veeler'),
(134, 'Dorey', 'Hodjetts', 'Stockhill'),
(135, 'Nari', 'Ranyelld', 'Pratley'),
(136, 'Edik', 'Lucey', 'Ewenson'),
(137, 'Luciana', 'McCreedy', 'Maynell'),
(138, 'Leone', 'Eborall', 'Lelande'),
(139, 'Candis', 'Benedidick', 'Bernade'),
(140, 'Kasper', 'Warlow', 'Wiszniewski'),
(141, 'Kelwin', 'Hallworth', 'Tomaszkiewicz'),
(142, 'Oswell', 'Clemmensen', 'Posner'),
(143, 'Robinet', 'Lardge', 'Ellen'),
(144, 'Dagny', 'Doerling', 'Baylis'),
(145, 'Marybeth', 'Lacky', 'Hele'),
(146, 'Inglebert', 'Cianni', 'Keaysell'),
(147, 'Wendye', 'Georgi', 'D\'Elia'),
(148, 'Ortensia', 'Bousler', 'De Bischop'),
(149, 'Cassie', 'Maruszewski', 'Cowthart'),
(150, 'Mitch', 'Gammade', 'Premble'),
(151, 'Ardyth', 'Worton', 'Laite'),
(152, 'Jerrie', 'Lesley', 'Cavilla'),
(153, 'Chickie', 'Kalinowsky', 'Couper'),
(154, 'Madalena', 'Shearmur', 'Filler'),
(155, 'Lucila', 'Renfree', 'Bartoloma'),
(156, 'Gisella', 'Micklem', 'Hosby'),
(157, 'Cleavland', 'Pfaff', 'Dyzart'),
(158, 'Spencer', 'Windus', 'Purser'),
(159, 'Mariya', 'Hurt', 'Marrington'),
(160, 'Lexine', 'Cosin', 'Ferrarotti'),
(161, 'Laurie', 'Trustram', 'Cathie'),
(162, 'Tamar', 'Cowwell', 'Boyles'),
(163, 'Rahel', 'McMakin', 'Renachowski'),
(164, 'Regen', 'Knowler', 'Lethby'),
(165, 'Ludovika', 'Knoles', 'Pattison'),
(166, 'Eb', 'Rivers', 'Bondar'),
(167, 'Izabel', 'Bore', 'Lawerence'),
(168, 'Ralph', 'Wadelin', 'Halgarth'),
(169, 'Thatch', 'Eliassen', 'Girke'),
(170, 'Joleen', 'Pocklington', 'Stockdale'),
(171, 'Maurizio', 'Tingle', 'O Mullen'),
(172, 'Talyah', 'Cardinale', 'Hurkett'),
(173, 'Ralina', 'Le Monnier', 'Beardsley'),
(174, 'Bobette', 'Aleksandrov', 'Giorgioni'),
(175, 'Riley', 'Cornfield', 'Owlner'),
(176, 'Olivie', 'Salack', 'Fulkes'),
(177, 'Bamby', 'Valenti', 'Dresche'),
(178, 'Tiffanie', 'McCafferky', 'Osgerby'),
(179, 'Carce', 'Coot', 'McKennan'),
(180, 'Marylinda', 'Lickess', 'Larenson'),
(181, 'Harcourt', 'Cubley', 'Burland'),
(182, 'Christiana', 'Olivello', 'Itzcak'),
(183, 'Percival', 'De Morena', 'Charke'),
(184, 'Alfy', 'Bigadike', 'Rummer'),
(185, 'Arlin', 'Bellingham', 'Grinaugh'),
(186, 'Johny', 'Anwyl', 'De Fries'),
(187, 'Tana', 'Kettell', 'Condit'),
(188, 'Prisca', 'McFayden', 'Hansill'),
(189, 'Meir', 'Greggs', 'Stanlick'),
(190, 'Gar', 'Sorbie', 'Beeching'),
(191, 'Rockey', 'Jellicorse', 'Chestle'),
(192, 'Bella', 'Kenrat', 'Gaynor'),
(193, 'Atlanta', 'Rodgerson', 'Paggitt'),
(194, 'Vanni', 'Sagg', 'Ponnsett'),
(195, 'Emeline', 'Aikman', 'Tuxwell'),
(196, 'Dina', 'Raden', 'Mogridge'),
(197, 'Courtnay', 'Hearmon', 'Burke'),
(198, 'Andy', 'Ormerod', 'Falkner'),
(199, 'Heddie', 'Gibbings', 'Frushard'),
(200, 'Jodie', 'Kirsche', 'Bridger'),
(201, 'Alvie', 'Crosson', 'Langford'),
(202, 'Ludovico', 'O\'dell', 'Brisseau'),
(203, 'Rachelle', 'O\'Mullally', 'Crippell'),
(204, 'Eduino', 'Saker', 'Tidbury'),
(205, 'Sallyanne', 'Kleanthous', 'Dobble'),
(206, 'Breanne', 'McRuvie', 'Charman'),
(207, 'Osbert', 'Romans', 'Greenset'),
(208, 'Nani', 'Lambot', 'Earey'),
(209, 'Hunfredo', 'Roebottom', 'Urpeth'),
(210, 'Felic', 'Munson', 'Cawdery'),
(211, 'Gladys', 'Baum', 'Collum'),
(212, 'Gaultiero', 'Armand', 'Tingey'),
(213, 'Roderick', 'Mathonnet', 'Kwietak'),
(214, 'Art', 'Hovard', 'Labdon'),
(215, 'Sophia', 'Willeson', 'Beauman'),
(216, 'Jillana', 'Dudson', 'Chainey'),
(217, 'Sarene', 'Phillcox', 'Morehall'),
(218, 'Garnette', 'Cortes', 'Joberne'),
(219, 'Ham', 'Imlen', 'Trow'),
(220, 'Klemens', 'Drewery', 'Mithon'),
(221, 'Jamaal', 'Cock', 'Cranke'),
(222, 'Lesley', 'MacGaffey', 'Rennenbach'),
(223, 'Darsie', 'Barefoot', 'Krysiak'),
(224, 'Jamey', 'Pydcock', 'Wasling'),
(225, 'Saw', 'Kivlehan', 'Beaby'),
(226, 'Ario', 'Swindle', 'Worge'),
(227, 'Rosabel', 'Scudders', 'Haack'),
(228, 'Fitz', 'Feetham', 'Sworder'),
(229, 'Laurella', 'Cottesford', 'Grinin'),
(230, 'Mathilde', 'Prest', 'Pyffe'),
(231, 'Alf', 'Lawrinson', 'Byrd'),
(232, 'Vasilis', 'Demann', 'Regi'),
(233, 'Clary', 'O\'Scannill', 'Skim'),
(234, 'Jerrie', 'Ledwith', 'Grushin'),
(235, 'Birk', 'Thouless', 'Moxsom'),
(236, 'Lalo', 'Togher', 'Gristhwaite'),
(237, 'Chip', 'Patis', 'Busher'),
(238, 'Terrill', 'Macvey', 'Brissard'),
(239, 'Lina', 'Gregoire', 'Cookson'),
(240, 'Artair', 'MacGeaney', 'Darley'),
(241, 'Rebbecca', 'Sigars', 'Brettell'),
(242, 'Douglas', 'Gisbye', 'Gloy'),
(243, 'Ossie', 'Berntssen', 'Hiscoe'),
(244, 'Putnam', 'Tumbelty', 'Kolinsky'),
(245, 'Aleta', 'Scad', 'Castellan'),
(246, 'Debera', 'Stainer', 'Durrans'),
(247, 'Nadiya', 'Brunt', 'Geistbeck'),
(248, 'Concettina', 'Glassup', 'Jeanet'),
(249, 'Doloritas', 'Olyfant', 'Brotherwood'),
(250, 'Ame', 'Cowing', 'Marjoribanks'),
(251, 'Deirdre', 'Gibbard', 'Chazelle'),
(252, 'Darcy', 'Mould', 'Spino'),
(253, 'Camellia', 'Gallafant', 'Milius'),
(254, 'Robinett', 'McAteer', 'Wherrit'),
(255, 'Cesya', 'Kraut', 'Colafate'),
(256, 'Kristine', 'Ahlin', 'Kingscote'),
(257, 'Nessi', 'Prodrick', 'Yalden'),
(258, 'Farrand', 'Kwietek', 'Clotworthy'),
(259, 'Ashby', 'Dober', 'Earie'),
(260, 'Leland', 'Matthaus', 'Tottem'),
(261, 'Ricki', 'Askie', 'Tee'),
(262, 'Ignaz', 'Maggill\'Andreis', 'Marquis'),
(263, 'Breanne', 'Lentsch', 'Beamond'),
(264, 'Durante', 'Trowell', 'Heffy'),
(265, 'Meyer', 'Prevett', 'Zamorrano'),
(266, 'Kristyn', 'Bow', 'Salvage'),
(267, 'Viviyan', 'Gilbard', 'Dearden'),
(268, 'Marji', 'Dumbellow', 'Deetlof'),
(269, 'Joby', 'Feehely', 'O\'Gleasane'),
(270, 'Cris', 'Wofenden', 'Bleier'),
(271, 'Murry', 'Ogdahl', 'Dimanche'),
(272, 'Nata', 'McCowan', 'Gummer'),
(273, 'Banky', 'Ricciardiello', 'Korpal'),
(274, 'Gloriana', 'Sterley', 'Chatainier'),
(275, 'Bert', 'Spencley', 'Ochterlonie'),
(276, 'Johnna', 'Rolance', 'Michurin'),
(277, 'Evey', 'Gillicuddy', 'Gummer'),
(278, 'Dale', 'Boulds', 'Kynsey'),
(279, 'Georg', 'Tortis', 'Creamen'),
(280, 'Rachel', 'Mowen', 'Leitch'),
(281, 'Gratiana', 'Leighfield', 'Willford'),
(282, 'Nicolette', 'Mordanti', 'Hamshaw'),
(283, 'Berkie', 'Rawes', 'Limpertz'),
(284, 'Yorgo', 'Gossling', 'Valentetti'),
(285, 'King', 'Burgher', 'Creasy'),
(286, 'Ailey', 'Febry', 'Cuesta'),
(287, 'Stacia', 'Brake', 'Ellerby'),
(288, 'Park', 'Whittle', 'Golborn'),
(289, 'Vallie', 'Cundy', 'Thorold'),
(290, 'Bjorn', 'Trill', 'Penfold'),
(291, 'Brynn', 'Loughran', 'De Bischop'),
(292, 'Bran', 'Cromett', 'Oade'),
(293, 'Caro', 'Bellingham', 'Gonneau'),
(294, 'Aguste', 'Pimme', 'Fibbens'),
(295, 'Nicolea', 'Sebring', 'Reekie'),
(296, 'Rosabelle', 'Wedmore', 'Davidoff'),
(297, 'Brittany', 'Hendren', 'Hanscomb'),
(298, 'Ruy', 'Langford', 'Tansly'),
(299, 'Amil', 'Kupka', 'Cersey'),
(300, 'Krystyna', 'Axell', 'Barniss'),
(301, 'Fonzie', 'Screen', 'Hiorn'),
(302, 'Trixie', 'Dearden', 'Boler'),
(303, 'Katharyn', 'Michel', 'MacDiarmond'),
(304, 'Kristen', 'Lapre', 'Filipov'),
(305, 'Delores', 'Margett', 'Bater'),
(306, 'Georgianna', 'Avison', 'Domokos'),
(307, 'Say', 'Darrington', 'Jacobovitch'),
(308, 'Innis', 'McLennan', 'Coplestone'),
(309, 'Niels', 'Wogden', 'MacKaig'),
(310, 'Beatrix', 'Godart', 'Biggadike'),
(311, 'Amory', 'Wiffill', 'Liebrecht'),
(312, 'Lizabeth', 'Fassbindler', 'Manjot'),
(313, 'Roseanne', 'Sapsed', 'Yakunchikov'),
(314, 'Giorgio', 'Rickell', 'O\'Doogan'),
(315, 'Barbaraanne', 'Romer', 'Flowitt'),
(316, 'Thatch', 'Devenish', 'Cummings'),
(317, 'Willamina', 'Ehlerding', 'Wetherhead'),
(318, 'Shayla', 'Fintoph', 'Madgwick'),
(319, 'Lorelle', 'Yellop', 'Colley'),
(320, 'Alick', 'Woodroofe', 'Rois'),
(321, 'Worden', 'D\'Ambrogio', 'Bengough'),
(322, 'Nilson', 'Shedden', 'Safhill'),
(323, 'Hughie', 'Bartolini', 'Buchanan'),
(324, 'Elna', 'Keppie', 'Rogier'),
(325, 'Estrella', 'Rontree', 'Dowle'),
(326, 'Karlee', 'Souten', 'Scanlan'),
(327, 'Emera', 'Papa', 'Gradly'),
(328, 'Jena', 'Cavill', 'McIlvenny'),
(329, 'Michaella', 'Theis', 'Coolson'),
(330, 'Raymund', 'McInerney', 'Wardale'),
(331, 'Concordia', 'McIlwrick', 'Kinkead'),
(332, 'Langston', 'Realy', 'Sporton'),
(333, 'Natty', 'O\'Hern', 'Hows'),
(334, 'Sherwood', 'Bridle', 'McGougan'),
(335, 'Manuel', 'Haggis', 'Tutill'),
(336, 'Joshia', 'MacAvddy', 'Stonehouse'),
(337, 'Tiffy', 'Ramelet', 'Couser'),
(338, 'Janene', 'Kildale', 'Hradsky'),
(339, 'Winfred', 'Derill', 'Scorthorne'),
(340, 'Latashia', 'Baysting', 'Fessions'),
(341, 'Aleece', 'Hughson', 'Trill'),
(342, 'Sapphire', 'Candlish', 'Barrable'),
(343, 'Avivah', 'Airds', 'Huckerbe'),
(344, 'Onida', 'Vasilmanov', 'Whittingham'),
(345, 'Ninette', 'Sherrington', 'Loddy'),
(346, 'Yasmin', 'Cockrill', 'Fursey'),
(347, 'Penelopa', 'Yeo', 'Balog'),
(348, 'Talbot', 'Froom', 'Heffy'),
(349, 'Larisa', 'Leyborne', 'Vedeneev'),
(350, 'Harry', 'Souley', 'Hilldrop'),
(351, 'Ewen', 'Arton', 'Hedan'),
(352, 'Suzanna', 'Steggals', 'Adne'),
(353, 'Aurthur', 'Elt', 'Bullant'),
(354, 'Melva', 'Dike', 'Ivanchov'),
(355, 'Bil', 'Abba', 'Backs'),
(356, 'Gayelord', 'Dollard', 'Casaletto'),
(357, 'Vachel', 'Toogood', 'Spilsburie'),
(358, 'Cindelyn', 'Lyon', 'Kerbler'),
(359, 'Sibley', 'Randalston', 'Devote'),
(360, 'Timmie', 'Lacoste', 'Tourry'),
(361, 'Bill', 'Rignall', 'Wylie'),
(362, 'Anallese', 'Cleyne', 'Scowen'),
(363, 'Ermentrude', 'Palser', 'Kinnaird'),
(364, 'Pat', 'Barbary', 'Jirka'),
(365, 'Ches', 'Primmer', 'Karran'),
(366, 'Terry', 'Boc', 'Hyndson'),
(367, 'Sanson', 'Wrigley', 'Stronghill'),
(368, 'Irv', 'Screaton', 'Andersson'),
(369, 'Gussi', 'Gori', 'Gillopp'),
(370, 'Paule', 'Vaan', 'Gremane'),
(371, 'Portie', 'Gammet', 'Esilmon'),
(372, 'Sanderson', 'Ditchburn', 'Yushankin'),
(373, 'Roselle', 'Drinan', 'Crombie'),
(374, 'Jecho', 'Swadlinge', 'Ortiga'),
(375, 'Rudyard', 'Vondrasek', 'Truss'),
(376, 'Honey', 'Yockley', 'Trude'),
(377, 'Libbi', 'Cox', 'Arnoult'),
(378, 'Chloris', 'MacGille', 'Hanhard'),
(379, 'Gerik', 'Haile', 'Abbe'),
(380, 'Basilius', 'Pattrick', 'Muncie'),
(381, 'Laureen', 'Wornham', 'Blackah'),
(382, 'Daron', 'Rubinlicht', 'Trevaskiss'),
(383, 'Anna-diana', 'Vogt', 'Dollard'),
(384, 'Reina', 'Peggram', 'Gorcke'),
(385, 'Adriano', 'Crosetti', 'Moyler'),
(386, 'Iolande', 'Prestie', 'Davey'),
(387, 'Faythe', 'Karchewski', 'Crocket'),
(388, 'Austine', 'Brandone', 'Heitz'),
(389, 'Carleen', 'Fernao', 'Hegel'),
(390, 'Olympia', 'Christensen', 'Le Friec'),
(391, 'Tiertza', 'Haldene', 'De Fraine'),
(392, 'Hamnet', 'Marde', 'Idle'),
(393, 'Anatollo', 'Rudall', 'Sommer'),
(394, 'Barret', 'Bruni', 'Hucknall'),
(395, 'Bettye', 'Janssens', 'Syncke'),
(396, 'Camellia', 'Maddicks', 'Hurrion'),
(397, 'Juli', 'Ravenscroft', 'Whereat'),
(398, 'Wendell', 'Hugenin', 'Lodford'),
(399, 'Nollie', 'Weich', 'Shapira'),
(400, 'Kirby', 'Jouning', 'Coats'),
(401, 'Joanie', 'Siemianowicz', 'Saffill'),
(402, 'Inigo', 'Aubery', 'De Vaan'),
(403, 'Jere', 'Lippiett', 'Belly'),
(404, 'Randi', 'Adshede', 'Yegorkin'),
(405, 'Fianna', 'Atwell', 'Josum'),
(406, 'Leland', 'McGurn', 'Eyckelbeck'),
(407, 'Kimberly', 'Dutnall', 'Beverley'),
(408, 'Antonella', 'McPhater', 'Danson'),
(409, 'Perl', 'Walter', 'Sidney'),
(410, 'Domingo', 'Bonaire', 'Madgwick'),
(411, 'Gerard', 'Bamborough', 'Bellenger'),
(412, 'Merrili', 'Troak', 'Swift'),
(413, 'Hetty', 'Greenshiels', 'Nelius'),
(414, 'Damien', 'Truscott', 'Pinwill'),
(415, 'Sherm', 'Greendale', 'Colomb'),
(416, 'Ulric', 'Aggus', 'Lightwing'),
(417, 'Aldin', 'Picott', 'Chance'),
(418, 'Frances', 'Malimoe', 'Serrier'),
(419, 'Felice', 'Veevers', 'Whistan'),
(420, 'Zelig', 'Durston', 'Graffham'),
(421, 'Torrance', 'Wyer', 'Fowgies'),
(422, 'Adelind', 'Jermey', 'Bartolic'),
(423, 'Bettine', 'MacAllester', 'Brear'),
(424, 'Mellisa', 'McPhail', 'Speaks'),
(425, 'Tracy', 'Barthorpe', 'Charopen'),
(426, 'Janet', 'Summons', 'Troubridge'),
(427, 'Terencio', 'Anfusso', 'Jerdein'),
(428, 'Mag', 'Lettice', 'Eminson'),
(429, 'Adrien', 'Oneill', 'Togher'),
(430, 'Amargo', 'Waylen', 'Burree'),
(431, 'Ellwood', 'Wilce', 'Sonier'),
(432, 'Ethyl', 'Cumberledge', 'Shingler'),
(433, 'Lilian', 'Chandlar', 'Porker'),
(434, 'Roselin', 'Aronovich', 'Caruth'),
(435, 'Tiff', 'Temple', 'Filasov'),
(436, 'Reeba', 'Parriss', 'Tapsell'),
(437, 'Henry', 'Handrik', 'Bewshaw'),
(438, 'Vasily', 'Whitebread', 'McTeggart'),
(439, 'Emalia', 'Persence', 'McGarel'),
(440, 'Briano', 'Kubacek', 'Wiz'),
(441, 'Willamina', 'Winder', 'Brayshaw'),
(442, 'Nicolis', 'Pincked', 'Chmarny'),
(443, 'Jakob', 'Clash', 'Dionisetto'),
(444, 'Tracey', 'Dingle', 'Bushen'),
(445, 'Kimberlee', 'Filipponi', 'Stuer'),
(446, 'Siana', 'Christoffersen', 'Fingleton'),
(447, 'Christopher', 'Devon', 'Stollen'),
(448, 'Lesli', 'Tabbernor', 'Ridwood'),
(449, 'Thedrick', 'De Vaar', 'Castan'),
(450, 'Kerry', 'Wedmore.', 'Breakey'),
(451, 'Aeriell', 'Tather', 'Tight'),
(452, 'Bernelle', 'Nisbith', 'Shera'),
(453, 'Beulah', 'Comar', 'Flanaghan'),
(454, 'Tann', 'Strick', 'Daintrey'),
(455, 'Carroll', 'Outibridge', 'Bourgour'),
(456, 'Cleon', 'Burel', 'Hiddsley'),
(457, 'Cora', 'Kroon', 'Mourgue'),
(458, 'Tammy', 'Hanmer', 'Buard'),
(459, 'Licha', 'O\'Cahey', 'Eltone'),
(460, 'Darnall', 'Rumming', 'McKall'),
(461, 'Hew', 'Chastanet', 'Briant'),
(462, 'Clarine', 'Debney', 'Hemmingway'),
(463, 'Ginny', 'Bool', 'Southard'),
(464, 'Joanna', 'Agglione', 'Brogan'),
(465, 'Audra', 'Scaife', 'Fancett'),
(466, 'Darryl', 'Mowday', 'Cossor'),
(467, 'Ciel', 'Faull', 'Vedenisov'),
(468, 'Seymour', 'Cameli', 'Reece'),
(469, 'Darya', 'Kreber', 'Wrightham'),
(470, 'Morgen', 'Tate', 'Bullivent'),
(471, 'Timmie', 'Scobbie', 'Crombie'),
(472, 'Towney', 'Fugere', 'Peek'),
(473, 'Town', 'Fulun', 'Matthewman'),
(474, 'Lemar', 'Gauge', 'Redholls'),
(475, 'Yance', 'Seiler', 'Rakes'),
(476, 'Leonidas', 'Vermer', 'Emby'),
(477, 'Lexy', 'Kinnie', 'Gierok'),
(478, 'Octavius', 'Jessop', 'Birchwood'),
(479, 'Ree', 'Poultney', 'Pasterfield'),
(480, 'Con', 'Clacson', 'Broadbridge'),
(481, 'Roselin', 'McLucas', 'Scarffe'),
(482, 'Chariot', 'Littrick', 'Infante'),
(483, 'Arabele', 'Woodroofe', 'Shutle'),
(484, 'Glenn', 'Matteacci', 'MacArte'),
(485, 'Livia', 'Kleinber', 'Vergo'),
(486, 'Valentijn', 'Stileman', 'Pero'),
(487, 'Lydia', 'Durbyn', 'Kefford'),
(488, 'Ted', 'Yurkevich', 'Fivey'),
(489, 'Charmain', 'Gossage', 'Jaggli'),
(490, 'Elnora', 'Lockton', 'Wisher'),
(491, 'Jacques', 'Valerio', 'Lyste'),
(492, 'Alfy', 'Scutcheon', 'Camolli'),
(493, 'Ranique', 'Hidderley', 'Surgey'),
(494, 'Jacenta', 'Pendlebury', 'Yearron'),
(495, 'Christean', 'Stoffels', 'Killerby'),
(496, 'Sybyl', 'Halle', 'Plumley'),
(497, 'Mattie', 'Vandrill', 'Bernardoni'),
(498, 'Garey', 'Temlett', 'Fessions'),
(499, 'Glynda', 'Admans', 'Kitteringham'),
(500, 'Nona', 'Frick', 'Flather'),
(501, 'Keene', 'Fried', 'Purnell'),
(502, 'Hanna', 'Sambidge', 'Kopps'),
(503, 'Town', 'Caustic', 'Caslin'),
(504, 'Bambie', 'McElree', 'Loncaster'),
(505, 'Marshall', 'Juliano', 'Romanski'),
(506, 'Ike', 'Budgett', 'Fairham'),
(507, 'Lon', 'Lille', 'Hastwell'),
(508, 'Lucinda', 'Zorener', 'Westerman'),
(509, 'Bryana', 'Paff', 'Longstaff'),
(510, 'Weston', 'Zecchi', 'Knox'),
(511, 'Irina', 'Guillon', 'Linzee'),
(512, 'Dillon', 'Betteson', 'Dursley'),
(513, 'Dulcia', 'Fourcade', 'Kesper'),
(514, 'Lesli', 'Harrad', 'Yewman'),
(515, 'Seamus', 'Audritt', 'McVee'),
(516, 'Muriel', 'Lusk', 'Floris'),
(517, 'Nevins', 'Tettley', 'Jelley'),
(518, 'Helli', 'Bromby', 'Fordy'),
(519, 'Rosalyn', 'Cawthra', 'Dederich'),
(520, 'Janaye', 'Gerleit', 'Marjoram'),
(521, 'Leon', 'Hiscoe', 'Wapples'),
(522, 'Malvin', 'Glasman', 'Skayman'),
(523, 'Brunhilda', 'Garvey', 'Norrie'),
(524, 'Rad', 'Simeon', 'Gillingwater'),
(525, 'Eddie', 'Skerratt', 'Bayless'),
(526, 'Ringo', 'Perfect', 'Thulborn'),
(527, 'Dione', 'Muck', 'Janowicz'),
(528, 'Erma', 'Wyard', 'Pentecost'),
(529, 'Burgess', 'Rosenfeld', 'Nice'),
(530, 'Ambrosio', 'Nind', 'Gerner'),
(531, 'Gwenni', 'Heath', 'Tupling'),
(532, 'Magdaia', 'Mosco', 'Duley'),
(533, 'Nicholle', 'Dedney', 'Pavie'),
(534, 'Emlen', 'Christophersen', 'Corain'),
(535, 'Alfonso', 'Leason', 'Pepye'),
(536, 'Calypso', 'Dufaur', 'Worsnop'),
(537, 'Carla', 'Cambridge', 'Bouldstridge'),
(538, 'Lily', 'Ebertz', 'Conti'),
(539, 'Tiffie', 'Astbury', 'Cason'),
(540, 'Frances', 'Gumme', 'Haskell'),
(541, 'Niels', 'Couthard', 'Wilkins'),
(542, 'Homerus', 'Justun', 'Walcot'),
(543, 'Baxy', 'Carslake', 'Cavilla'),
(544, 'Karry', 'Wallwork', 'Swetmore'),
(545, 'Hannis', 'Wallworke', 'Iwanicki'),
(546, 'Karoly', 'Ebbings', 'Froude'),
(547, 'Shelby', 'Springford', 'Pine'),
(548, 'Morlee', 'Daniaud', 'Forsbey'),
(549, 'Tabb', 'Toulson', 'Krale'),
(550, 'Derwin', 'Lille', 'Seydlitz'),
(551, 'Francene', 'Haddow', 'Doornbos'),
(552, 'Moria', 'Petracci', 'Lerner'),
(553, 'Cammy', 'Grandison', 'Dacks'),
(554, 'Winslow', 'Ephson', 'Brumpton'),
(555, 'Georgina', 'Mosen', 'Blandamere'),
(556, 'Rodolfo', 'Bernardeau', 'Capnor'),
(557, 'Iormina', 'Storch', 'Beagles'),
(558, 'Abby', 'Aldwich', 'Andreasen'),
(559, 'Maryrose', 'Bartell', 'Hardeman'),
(560, 'Simone', 'Gunn', 'Grumbridge'),
(561, 'Tish', 'Itshak', 'Scartifield'),
(562, 'Anabal', 'Newe', 'Bondesen'),
(563, 'Keane', 'Dallimore', 'Ashwell'),
(564, 'Umberto', 'Arnault', 'Gredden'),
(565, 'Josefa', 'Smallacombe', 'Edscer'),
(566, 'Shari', 'Alesin', 'Leacock'),
(567, 'Derrick', 'Lang', 'Threadgould'),
(568, 'Inness', 'Capel', 'Birchwood'),
(569, 'Dido', 'Leasor', 'Caris'),
(570, 'Esme', 'Southerton', 'Tichner'),
(571, 'Forster', 'Hickenbottom', 'Satterfitt'),
(572, 'Gwenora', 'Roulston', 'Ketchell'),
(573, 'Padget', 'Ayerst', 'Gresch'),
(574, 'Ameline', 'Pottinger', 'Walbridge'),
(575, 'Rafaellle', 'Riggulsford', 'Tamplin'),
(576, 'Emelyne', 'Brigshaw', 'Kubec'),
(577, 'Christal', 'Greenleaf', 'Swindles'),
(578, 'Adara', 'Beddingham', 'Klima'),
(579, 'Consolata', 'Nicholls', 'Porker'),
(580, 'Leone', 'Duinbleton', 'Pragnell'),
(581, 'Mata', 'Tayt', 'Mc Curlye'),
(582, 'Olympe', 'Jestico', 'Birwhistle'),
(583, 'Vin', 'MacGeaney', 'Peterson'),
(584, 'Benyamin', 'Gillmore', 'Paulton'),
(585, 'Basilio', 'Havenhand', 'Rossbrook'),
(586, 'Aldon', 'Belchamber', 'Thomel'),
(587, 'Jennilee', 'Nipper', 'Colomb'),
(588, 'Zabrina', 'Fellon', 'Justham'),
(589, 'Jeanne', 'Blazi', 'Guilder'),
(590, 'Nels', 'Sazio', 'Stops'),
(591, 'Guillaume', 'Halgarth', 'McKillop'),
(592, 'Gwendolen', 'Brunone', 'Hazell'),
(593, 'Melodee', 'Ineson', 'Flescher'),
(594, 'Joelie', 'Redding', 'Noar'),
(595, 'Vinita', 'Cheel', 'Chaytor'),
(596, 'Stevena', 'Albon', 'Ainscow'),
(597, 'Bryan', 'Kinahan', 'Murtagh'),
(598, 'Zorana', 'Drews', 'Look'),
(599, 'Magdalene', 'Dodman', 'Harwick'),
(600, 'Prudence', 'Tinham', 'Kinnin'),
(601, 'Marley', 'Perry', 'Shearsby'),
(602, 'Bobbee', 'Dafforne', 'Raleston'),
(603, 'Gael', 'Peverell', 'Swindley'),
(604, 'Herbie', 'Marages', 'Ferris'),
(605, 'Craggie', 'Vyse', 'Fawdry'),
(606, 'Collette', 'Dumbare', 'Rispine'),
(607, 'Becka', 'Shafe', 'Fraczek'),
(608, 'Ave', 'Dawby', 'Wakely'),
(609, 'Mitzi', 'Jeary', 'Bertwistle'),
(610, 'Karena', 'Pattinson', 'Roughsedge'),
(611, 'Rice', 'Iwanowicz', 'Stonall'),
(612, 'Zaneta', 'Bows', 'Capenor'),
(613, 'Dorie', 'Thirwell', 'Ekell'),
(614, 'Keelia', 'Patching', 'Mandres'),
(615, 'Garvin', 'Brounfield', 'Cocke'),
(616, 'Alejandro', 'Boothman', 'De Filippo'),
(617, 'Davon', 'Mockford', 'Cripwell'),
(618, 'Cassandry', 'Blucher', 'Pogson'),
(619, 'Sascha', 'Yourell', 'Benech'),
(620, 'Vinny', 'Tysack', 'Maxstead'),
(621, 'Justis', 'Auty', 'Axcel'),
(622, 'Cherilynn', 'Stannas', 'Seeks'),
(623, 'Dynah', 'Kilmary', 'McLachlan'),
(624, 'Yvor', 'Gibbetts', 'Parram'),
(625, 'Niki', 'Henrot', 'Poyle'),
(626, 'Laina', 'Hullot', 'Yancey'),
(627, 'Renard', 'Gumley', 'Baddiley'),
(628, 'Cathe', 'Upton', 'Cockling'),
(629, 'Matthieu', 'Choke', 'Mimmack'),
(630, 'Vivianna', 'Moscone', 'Cooling'),
(631, 'Lorita', 'Morgon', 'Missen'),
(632, 'Freedman', 'Lelliott', 'Rilings'),
(633, 'Sheila-kathryn', 'Skechley', 'Percifull'),
(634, 'Queenie', 'Brotherton', 'Bailey'),
(635, 'Gretna', 'Patifield', 'Bluck'),
(636, 'Hilde', 'Schriren', 'Hawlgarth'),
(637, 'Rosalinde', 'Hukin', 'Yole'),
(638, 'Flem', 'Frangello', 'Dunks'),
(639, 'Harrietta', 'Block', 'Seamer'),
(640, 'Holt', 'Learie', 'Prewett'),
(641, 'Wit', 'Margerrison', 'Berk'),
(642, 'Hilliard', 'Gouch', 'Dresse'),
(643, 'Shea', 'Acton', 'Poletto'),
(644, 'Godwin', 'Aggis', 'Cleynaert'),
(645, 'Joye', 'Lehr', 'Gannicott'),
(646, 'Marni', 'Endricci', 'Albasiny'),
(647, 'Beverie', 'Giacopazzi', 'Fasey'),
(648, 'Kristal', 'Meers', 'Easey'),
(649, 'Freeman', 'Roz', 'Garrold'),
(650, 'Gaspar', 'Garthshore', 'Biagioni'),
(651, 'Shandie', 'Lamke', 'Izacenko'),
(652, 'Pierre', 'Bloor', 'Uccelli'),
(653, 'Amity', 'Abramski', 'Castenda'),
(654, 'Arliene', 'Peoples', 'Pfaff'),
(655, 'Janos', 'Sanzio', 'Cartmill'),
(656, 'Manuel', 'Chaney', 'Chalkly'),
(657, 'Cleopatra', 'Brideau', 'Christall'),
(658, 'Nerita', 'Harget', 'Bonifacio'),
(659, 'Cleveland', 'Figgures', 'Mulqueeny'),
(660, 'Ardyce', 'Peteri', 'Celiz'),
(661, 'Monte', 'Bayless', 'Fairbrother'),
(662, 'Anna-maria', 'Coverdill', 'Cornils'),
(663, 'Waldemar', 'Boeck', 'Applewhaite'),
(664, 'Robinet', 'Frisch', 'Howard - Gater'),
(665, 'Giffie', 'Hardaway', 'Matthaus'),
(666, 'Pippa', 'Wooster', 'Iacovacci'),
(667, 'Bill', 'Bunyard', 'Twydell'),
(668, 'Rosene', 'Breache', 'Cabena'),
(669, 'Raquela', 'Leversuch', 'Mease'),
(670, 'Bruce', 'Nendick', 'Pietron'),
(671, 'Ki', 'Pandya', 'Yeskin'),
(672, 'Wallace', 'Taberner', 'Gowlett'),
(673, 'Glendon', 'McDonell', 'Cornner'),
(674, 'Alexei', 'MacNeilley', 'Ettery'),
(675, 'Valdemar', 'Simnel', 'Labone'),
(676, 'Gayelord', 'Hobble', 'Churchard'),
(677, 'Sidonia', 'Barrack', 'Blockwell'),
(678, 'Weylin', 'Defries', 'Attlee'),
(679, 'Waldo', 'Berrycloth', 'Biasotti'),
(680, 'Phylys', 'Sehorsch', 'Dowty'),
(681, 'Lynnett', 'Tinkler', 'Vern'),
(682, 'Meris', 'Rosterne', 'Terzo'),
(683, 'Shaw', 'Bamell', 'Anderer'),
(684, 'Odey', 'Conrad', 'Bush'),
(685, 'Netta', 'Fills', 'De Hooge'),
(686, 'Stephine', 'Tutchell', 'Rixon'),
(687, 'Hillyer', 'Tivers', 'Evill'),
(688, 'Mose', 'Posnett', 'Van\'t Hoff'),
(689, 'Shepherd', 'Schustl', 'Lukash'),
(690, 'Maryl', 'Snodin', 'Giacovelli'),
(691, 'Mac', 'Rosthorn', 'Jeakins'),
(692, 'Brunhilda', 'Paule', 'Pitrollo'),
(693, 'Starlin', 'Fabbri', 'Aizlewood'),
(694, 'Elliott', 'Droghan', 'Downey'),
(695, 'Giulio', 'Scriver', 'Fransson'),
(696, 'Bonnie', 'Canet', 'Mellonby'),
(697, 'Ches', 'Bainbrigge', 'Swaysland'),
(698, 'May', 'Chinnock', 'Scotts'),
(699, 'Derry', 'Holmyard', 'Pusey'),
(700, 'Rusty', 'Kubecka', 'Durdle'),
(701, 'Jackelyn', 'Cuseck', 'Fellon'),
(702, 'Jens', 'Donke', 'Girardini'),
(703, 'Arlan', 'Brunker', 'Twentyman'),
(704, 'Hedvige', 'Goroni', 'Meenan'),
(705, 'Vickie', 'Mabbe', 'Writer'),
(706, 'Bernie', 'Sappell', 'Priest'),
(707, 'Townie', 'Edwin', 'Dunthorn'),
(708, 'Valentijn', 'Chastey', 'O\'Hartigan'),
(709, 'Davin', 'Adriano', 'Stenyng'),
(710, 'Elka', 'Lidstone', 'Reader'),
(711, 'Brook', 'Goodbarr', 'Strond'),
(712, 'Gauthier', 'Bracegirdle', 'Rafe'),
(713, 'Tris', 'Paff', 'Dudin'),
(714, 'Madeleine', 'McIver', 'Gillham'),
(715, 'Nettle', 'Bolle', 'Drake'),
(716, 'Ulrikaumeko', 'Cockshtt', 'Pevsner'),
(717, 'Tish', 'Marple', 'Jarman'),
(718, 'Mattias', 'Ireson', 'Foister'),
(719, 'Leeland', 'Ovise', 'Krammer'),
(720, 'Melody', 'Crunkhorn', 'Le Grys'),
(721, 'Derry', 'McCoole', 'Courtes'),
(722, 'Dalis', 'Simoens', 'Georgeot'),
(723, 'Killian', 'Dearnaly', 'Dorkins'),
(724, 'Dal', 'Menego', 'Hurworth'),
(725, 'Burton', 'Pingston', 'Weavers'),
(726, 'Clevie', 'Leathe', 'Urling'),
(727, 'Teena', 'Ratchford', 'Diamant'),
(728, 'Donovan', 'Fortnon', 'Houndesome'),
(729, 'Bentley', 'Dockwra', 'Evensden'),
(730, 'Wilbert', 'Harkness', 'Worswick'),
(731, 'Wakefield', 'Chesley', 'Feavyour'),
(732, 'Ben', 'Klaassens', 'Backsal'),
(733, 'Ealasaid', 'De Metz', 'Penniall'),
(734, 'Geri', 'Adamski', 'Erickssen'),
(735, 'Barny', 'Burdin', 'Czajkowska'),
(736, 'Dido', 'Lambal', 'Yarnall'),
(737, 'Theodor', 'Elster', 'Pleven'),
(738, 'Ferdinande', 'Leivesley', 'Subhan'),
(739, 'Aggie', 'Yarrow', 'Brimm'),
(740, 'Ofilia', 'Christofe', 'Brigman'),
(741, 'Andriette', 'Pretsell', 'Benettolo'),
(742, 'Farica', 'Ketchaside', 'Coomes'),
(743, 'Lilas', 'Beddows', 'Skellorne'),
(744, 'Kimberli', 'Sinnott', 'Stobbs'),
(745, 'Allina', 'Spillett', 'Screech'),
(746, 'Johannah', 'Godwyn', 'Fergie'),
(747, 'Paquito', 'Graveston', 'Parsonage'),
(748, 'Parry', 'Lindenstrauss', 'Eyree'),
(749, 'Linzy', 'Maker', 'Dwerryhouse'),
(750, 'Aleece', 'Ulyat', 'Sancto'),
(751, 'Aarika', 'Vallow', 'Killcross'),
(752, 'Gisella', 'Beelby', 'Fewster'),
(753, 'Barbaraanne', 'Hounsham', 'Atchly'),
(754, 'Reidar', 'Hurtado', 'McKew'),
(755, 'Adrianna', 'Paute', 'Belsey'),
(756, 'Ami', 'Holliar', 'Goodfellowe'),
(757, 'Hedvig', 'Ghiroldi', 'Linnell'),
(758, 'Jermayne', 'Schwier', 'Strippel'),
(759, 'Reinald', 'Ruzicka', 'Kitchingman'),
(760, 'Mareah', 'Dank', 'Butt Gow'),
(761, 'Gottfried', 'Geldeford', 'Streeton'),
(762, 'Dido', 'Heel', 'Wanklin'),
(763, 'Allistir', 'Glencorse', 'Mixhel'),
(764, 'Teddie', 'Furlong', 'Downing'),
(765, 'Marge', 'Heale', 'Paoloni'),
(766, 'Nora', 'Pafford', 'Praundlin'),
(767, 'Jackqueline', 'Abrahamsohn', 'Thomas'),
(768, 'Hobie', 'Douglas', 'Angier'),
(769, 'Filmer', 'Howsan', 'Baukham'),
(770, 'Grover', 'Cubbit', 'Pioch'),
(771, 'Esmaria', 'Killingworth', 'Skouling'),
(772, 'Elwood', 'Longthorn', 'Rebert'),
(773, 'Erroll', 'Arlt', 'Briereton'),
(774, 'Tessi', 'Elves', 'Schruurs'),
(775, 'Falkner', 'Dearden', 'Brameld'),
(776, 'Maire', 'Kain', 'Scarlet'),
(777, 'Ilaire', 'Morrison', 'Viste'),
(778, 'Andrew', 'Malyj', 'Carryer'),
(779, 'Iseabal', 'Durrance', 'Aingell'),
(780, 'Mavis', 'Benard', 'Randal'),
(781, 'Beniamino', 'Bater', 'Rollason'),
(782, 'Andris', 'Rosenblad', 'Sargeant'),
(783, 'Giorgia', 'Jarman', 'Zecchinelli'),
(784, 'Adams', 'Gain', 'MacCallester'),
(785, 'Englebert', 'McVity', 'Snedker'),
(786, 'Eduardo', 'Hunnybun', 'Guerrier'),
(787, 'Moritz', 'Le Friec', 'Cowlas'),
(788, 'Brandy', 'Cullotey', 'Sainte Paul'),
(789, 'Edan', 'Stanwix', 'Petraitis'),
(790, 'Arluene', 'Rushsorth', 'Simak'),
(791, 'Cosetta', 'Daspar', 'Goodhall'),
(792, 'Kissee', 'McCaghan', 'Hackford'),
(793, 'Wakefield', 'Studdard', 'Courtliff'),
(794, 'Julio', 'Kitter', 'Bunkle'),
(795, 'Gerry', 'Merrall', 'Bysshe'),
(796, 'Archibald', 'Tudball', 'McUre'),
(797, 'Rudolph', 'Scholler', 'Goodluck'),
(798, 'Meier', 'Millea', 'Antonias'),
(799, 'Gayel', 'Laurencot', 'Vandenhoff'),
(800, 'Candida', 'Grisard', 'Rothera'),
(801, 'Darleen', 'Borgnet', 'Panther'),
(802, 'Jacintha', 'McGillacoell', 'Loseke'),
(803, 'Noam', 'Combes', 'Braidman'),
(804, 'Ray', 'Silman', 'Comrie'),
(805, 'Peta', 'Lorking', 'Sidwell'),
(806, 'Ashton', 'Andriveaux', 'Shucksmith'),
(807, 'Chanda', 'Champken', 'Beniesh'),
(808, 'Noah', 'Pickhaver', 'Parradye'),
(809, 'Alfreda', 'Stellin', 'Purselowe'),
(810, 'Jeffry', 'Polley', 'Kevlin'),
(811, 'Keslie', 'Shovelton', 'Allabarton'),
(812, 'Sigismond', 'Longthorn', 'Hutchcraft'),
(813, 'Hersh', 'Chantree', 'Parkes'),
(814, 'Rina', 'Master', 'Gowlett'),
(815, 'Celle', 'Hounsham', 'Bhar'),
(816, 'Angel', 'Downs', 'Lorroway'),
(817, 'Salli', 'Abden', 'Wilkennson'),
(818, 'Hali', 'Roulston', 'Shurman'),
(819, 'Saraann', 'Casari', 'Kroch'),
(820, 'Dell', 'Lydiate', 'Unitt'),
(821, 'Ailyn', 'Crystal', 'Schlagh'),
(822, 'Wendall', 'Jacobbe', 'Bissell'),
(823, 'Kata', 'Elcox', 'Merit'),
(824, 'Kelsey', 'Rye', 'Ferreo'),
(825, 'Axe', 'Waltho', 'Ayliffe'),
(826, 'Emelda', 'Froome', 'Rashleigh'),
(827, 'Enoch', 'Phelp', 'Coenraets'),
(828, 'Hanan', 'Slade', 'Readitt'),
(829, 'Ange', 'Hamsher', 'Ive'),
(830, 'Delcine', 'Lemmertz', 'Klosges'),
(831, 'Belinda', 'Telega', 'Mecozzi'),
(832, 'Farand', 'MacCumiskey', 'Filchakov'),
(833, 'Maressa', 'Hansemann', 'Briscow'),
(834, 'Alric', 'Matveiko', 'Priestner'),
(835, 'Jefferey', 'Lanfear', 'Wynes'),
(836, 'Kyle', 'Brinsden', 'Rayner'),
(837, 'Elana', 'Stronach', 'Scrinage'),
(838, 'Alister', 'Calcutt', 'Weddell'),
(839, 'Northrop', 'Allsep', 'Greig'),
(840, 'Adah', 'Seiler', 'Lunny'),
(841, 'Arne', 'Wharf', 'Strahan'),
(842, 'Aimil', 'Insole', 'Di Franceshci'),
(843, 'Marlin', 'Roch', 'Rentcome'),
(844, 'Erminia', 'Mabey', 'Hassin'),
(845, 'Bertram', 'Squirrel', 'MacQuist'),
(846, 'Dulcia', 'Attfield', 'Friedenbach'),
(847, 'Rip', 'Yendle', 'Mandeville'),
(848, 'Kaylee', 'Holtaway', 'Dahl'),
(849, 'Velvet', 'Nanninini', 'Suckling'),
(850, 'Britt', 'Cometti', 'Collop'),
(851, 'Glynis', 'O\' Bee', 'Swallwell'),
(852, 'Bertina', 'Alessandrelli', 'Berzins'),
(853, 'Lusa', 'Williscroft', 'Pawel'),
(854, 'Gunner', 'De Giorgis', 'Pfeuffer'),
(855, 'Gallard', 'Brangan', 'Logg'),
(856, 'Barris', 'Tesimon', 'Adnam'),
(857, 'Milty', 'Paolazzi', 'Winspurr'),
(858, 'Angelico', 'Fairbanks', 'Gwatkin'),
(859, 'Haven', 'Londer', 'Scurr'),
(860, 'Georas', 'Buncom', 'Nund'),
(861, 'Helen', 'Morefield', 'Krzyzowski'),
(862, 'Domingo', 'Foulds', 'Roan'),
(863, 'Rollin', 'Gotch', 'Veschambre'),
(864, 'Sawyer', 'Poplee', 'Dunmore'),
(865, 'Kathrine', 'Sheehan', 'Wales'),
(866, 'Simone', 'Davidi', 'Hainey'),
(867, 'Jenelle', 'Byneth', 'Woffenden'),
(868, 'Amabel', 'Byforth', 'Ferrini'),
(869, 'Alexandro', 'Jewel', 'Quarrie'),
(870, 'Rodrigo', 'Parkisson', 'Maus'),
(871, 'Vince', 'Drayn', 'Dishmon'),
(872, 'Cassius', 'Brocklebank', 'Skokoe'),
(873, 'Gerri', 'Eberts', 'Camsey'),
(874, 'Arliene', 'Sharrocks', 'Brewett'),
(875, 'Alethea', 'Cantua', 'Blaase'),
(876, 'Milzie', 'Pettipher', 'Hurch'),
(877, 'Erma', 'Gwioneth', 'Tale'),
(878, 'Hamid', 'Richold', 'Ramalhete'),
(879, 'Gleda', 'Rabl', 'Folkerts'),
(880, 'Gaylene', 'Breitling', 'Duerdin'),
(881, 'Cletus', 'Waison', 'Dommerque'),
(882, 'Harwilll', 'Harteley', 'Duffree'),
(883, 'Redd', 'Escalante', 'Duggan'),
(884, 'Olivie', 'Frangleton', 'Tewes'),
(885, 'Chic', 'Jerosch', 'Humburton'),
(886, 'Dyann', 'Budleigh', 'Ovett'),
(887, 'Josey', 'Killingbeck', 'Cridlin'),
(888, 'Katalin', 'Dimitrov', 'Butterly'),
(889, 'Pansie', 'Overell', 'Ragsdall'),
(890, 'Gustav', 'Sawle', 'Butson'),
(891, 'Mario', 'Marr', 'Magnus'),
(892, 'Marinna', 'Huffer', 'Foxwell'),
(893, 'Waite', 'Cordy', 'Spira'),
(894, 'Willetta', 'Dietsche', 'Pettican'),
(895, 'Zaneta', 'Stroyan', 'Fantone'),
(896, 'Averyl', 'Croysdale', 'Mensler'),
(897, 'Zelig', 'Cereceres', 'Blucher'),
(898, 'Fawnia', 'Malyan', 'Tregian'),
(899, 'Torey', 'Mercer', 'Growcott'),
(900, 'Kandy', 'Hursthouse', 'Juara'),
(901, 'Rafaello', 'Cruwys', 'Raggitt'),
(902, 'Scarlett', 'Hawney', 'Dyball'),
(903, 'Norbie', 'Purnell', 'Riste'),
(904, 'Christy', 'Longthorne', 'Stoddart'),
(905, 'Harp', 'McAughtrie', 'Croome'),
(906, 'Rosamund', 'Gwyer', 'Dutson'),
(907, 'Burlie', 'Farrens', 'Bickle'),
(908, 'Austine', 'Bloodworthe', 'Jendrich'),
(909, 'Holly', 'Glencros', 'MacFayden'),
(910, 'Justen', 'Muldrew', 'Mewrcik'),
(911, 'Rodrique', 'Egdal', 'Longshaw'),
(912, 'Candide', 'Plaister', 'Kuhlmey'),
(913, 'Joy', 'Doram', 'O\'Gaven'),
(914, 'Drucie', 'Toms', 'D\'Antuoni'),
(915, 'Elka', 'Barrowclough', 'Ettery'),
(916, 'Arlee', 'O\' Neligan', 'Compfort'),
(917, 'Timoteo', 'Flaunders', 'Triplett'),
(918, 'Isabelita', 'Kaplan', 'Koppke'),
(919, 'Melessa', 'Bourdis', 'Benzing'),
(920, 'Karlyn', 'Winch', 'Howsan'),
(921, 'Dosi', 'Ionnisian', 'Milne'),
(922, 'Piotr', 'Ablewhite', 'Morcomb'),
(923, 'Frannie', 'Mitchenson', 'Dach'),
(924, 'Christoforo', 'Garm', 'Mussett'),
(925, 'Rhys', 'Benet', 'Yurukhin'),
(926, 'Roselle', 'McNeish', 'Nassie'),
(927, 'Zack', 'Lomax', 'Blackey'),
(928, 'Manuel', 'Sellers', 'Murison'),
(929, 'Ernaline', 'Jonas', 'Maginn'),
(930, 'Leyla', 'Callicott', 'Jouannot'),
(931, 'Osgood', 'Goodin', 'McGerr'),
(932, 'Cristen', 'Bowle', 'Kyndred'),
(933, 'Sybilla', 'Fratson', 'Kitney'),
(934, 'Charla', 'Greendale', 'Hiner'),
(935, 'Ephraim', 'Ervine', 'Ruggles'),
(936, 'Agnesse', 'Morrid', 'Torvey'),
(937, 'Adria', 'Tott', 'Plumstead'),
(938, 'Ricard', 'Curr', 'Strutley'),
(939, 'Larisa', 'Jepp', 'Danilov'),
(940, 'Heather', 'McBean', 'Schimon'),
(941, 'Julee', 'Childerley', 'Meany'),
(942, 'Kaile', 'Huckster', 'Snaden'),
(943, 'Vivyanne', 'Brezlaw', 'Spriggs'),
(944, 'Dulcinea', 'Brinkler', 'Maginot'),
(945, 'Winonah', 'Spens', 'Ganiclef'),
(946, 'Audy', 'Cosh', 'Carnew'),
(947, 'Chantalle', 'Colquhoun', 'Joust'),
(948, 'Udell', 'Chasier', 'Reddle'),
(949, 'Wynn', 'Briggdale', 'Edgerly'),
(950, 'Gaelan', 'Clemanceau', 'Corson'),
(951, 'Ferd', 'Baggaley', 'Maultby'),
(952, 'Lina', 'Lechelle', 'Jessop'),
(953, 'Bryana', 'Bazoche', 'Carren'),
(954, 'Caesar', 'Lepard', 'Blazdell'),
(955, 'Lucy', 'Warstall', 'O\'Hingerty'),
(956, 'Farleigh', 'Isselee', 'Jeram'),
(957, 'Thom', 'Siegertsz', 'Faulkener'),
(958, 'Paolo', 'Joint', 'Krale'),
(959, 'Darlene', 'Lorne', 'Roiz'),
(960, 'Preston', 'Huddleston', 'Arboine'),
(961, 'Darya', 'Lorenzo', 'Eastment'),
(962, 'Yoshi', 'Ponter', 'Le Borgne'),
(963, 'Bell', 'Nelle', 'Standon'),
(964, 'Jarrad', 'Parfrey', 'Mothersdale'),
(965, 'Janice', 'Versey', 'Cogzell'),
(966, 'Michaella', 'Hembrow', 'Coupland'),
(967, 'Tony', 'Warlow', 'Martland'),
(968, 'Miquela', 'Moine', 'Kahler'),
(969, 'Sibella', 'Faustian', 'Neasham'),
(970, 'Jaye', 'Holdin', 'Switland'),
(971, 'Chere', 'Semper', 'Davidovich'),
(972, 'Adelle', 'Seak', 'Chesswas'),
(973, 'Jena', 'Crighton', 'Corryer'),
(974, 'Simone', 'Brammer', 'Caldera'),
(975, 'Brenden', 'MacLucais', 'Terram'),
(976, 'Oren', 'Mapham', 'Highnam'),
(977, 'Bess', 'Wickrath', 'Laux'),
(978, 'Essie', 'Harner', 'Fritzer'),
(979, 'Dottie', 'Leborgne', 'McHarry'),
(980, 'Ludvig', 'Courtin', 'Coite'),
(981, 'Will', 'Strodder', 'Buckler'),
(982, 'Othilie', 'Nurden', 'Dobbins'),
(983, 'Frankie', 'Pays', 'Lemmers'),
(984, 'Karlotte', 'Langman', 'Curdell'),
(985, 'Jaynell', 'Domleo', 'Monk'),
(986, 'Terrell', 'Maddern', 'Piffe'),
(987, 'Woodie', 'Hugonneau', 'Sissel'),
(988, 'Wilburt', 'Copnell', 'Barbera'),
(989, 'Malanie', 'Snoding', 'Loges'),
(990, 'Patience', 'Seabourne', 'Beaven'),
(991, 'Ninette', 'Brickdale', 'Scadding'),
(992, 'Andrei', 'Waller', 'Trotman'),
(993, 'Nickie', 'Lanon', 'Veschambes'),
(994, 'Fee', 'Achurch', 'Hanley'),
(995, 'Berni', 'Wicklen', 'Cardoo'),
(996, 'Dianne', 'Annett', 'Dowsey'),
(997, 'Skye', 'Gilbard', 'Mooreed'),
(998, 'Tierney', 'McQuillin', 'Mullaly'),
(999, 'Orin', 'Benjefield', 'Idwal Evans'),
(1000, 'Janice', 'Scohier', 'Ends');

-- --------------------------------------------------------

--
-- Table structure for table `producto`
--

CREATE TABLE `producto` (
  `idProducto` int(11) NOT NULL,
  `idFichaProducto` int(11) DEFAULT NULL
) ENGINE=InnoDB DEFAULT CHARSET=utf8mb4 COLLATE=utf8mb4_general_ci;

-- --------------------------------------------------------

--
-- Table structure for table `repartidor`
--

CREATE TABLE `repartidor` (
  `idPersona` int(11) NOT NULL,
  `idEmpresa` int(11) NOT NULL
) ENGINE=InnoDB DEFAULT CHARSET=utf8mb4 COLLATE=utf8mb4_general_ci;

--
-- Dumping data for table `repartidor`
--

INSERT INTO `repartidor` (`idPersona`, `idEmpresa`) VALUES
(947, 1),
(958, 1),
(991, 4),
(979, 6),
(985, 6),
(902, 7),
(982, 7),
(914, 10),
(978, 10),
(964, 11),
(952, 12),
(984, 12),
(915, 14),
(957, 14),
(912, 15),
(928, 15),
(977, 15),
(918, 16),
(921, 16),
(908, 17),
(900, 18),
(966, 18),
(953, 19),
(939, 20),
(946, 20),
(974, 20),
(990, 21),
(954, 22),
(997, 22),
(932, 24),
(905, 25),
(935, 26),
(938, 26),
(943, 26),
(955, 26),
(907, 27),
(987, 27),
(945, 28),
(972, 28),
(924, 29),
(962, 29),
(980, 29),
(948, 30),
(961, 30),
(925, 31),
(970, 31),
(986, 32),
(934, 33),
(968, 33),
(919, 34),
(967, 34),
(969, 34),
(903, 35),
(913, 35),
(922, 35),
(959, 35),
(960, 35),
(976, 35),
(981, 35),
(963, 36),
(999, 36),
(911, 37),
(995, 37),
(971, 39),
(904, 40),
(937, 40),
(942, 40),
(983, 40),
(909, 42),
(929, 42),
(996, 42),
(901, 44),
(917, 44),
(975, 45),
(941, 46),
(920, 47),
(965, 47),
(998, 47),
(933, 48),
(993, 48),
(994, 48),
(1000, 48),
(936, 49),
(951, 49),
(988, 49),
(992, 49),
(923, 50),
(906, 51),
(910, 51),
(916, 51),
(926, 51),
(940, 51),
(931, 52),
(949, 52),
(973, 53),
(927, 54),
(930, 54),
(944, 54),
(950, 54),
(956, 57),
(989, 57);

-- --------------------------------------------------------

--
-- Table structure for table `r_comprador_tarjetadecredito`
--

CREATE TABLE `r_comprador_tarjetadecredito` (
  `idComprador` int(11) NOT NULL,
  `numTarjeta` varchar(16) NOT NULL
) ENGINE=InnoDB DEFAULT CHARSET=utf8mb4 COLLATE=utf8mb4_general_ci;

-- --------------------------------------------------------

--
-- Table structure for table `r_fechadellegada`
--

CREATE TABLE `r_fechadellegada` (
  `fechaDeLlegada` date DEFAULT NULL,
  `idPedido` int(11) NOT NULL,
  `idProducto` int(11) NOT NULL
) ENGINE=InnoDB DEFAULT CHARSET=utf8mb4 COLLATE=utf8mb4_general_ci;

-- --------------------------------------------------------

--
-- Table structure for table `r_repartea`
--

CREATE TABLE `r_repartea` (
  `idEmpresa` int(11) NOT NULL,
  `idZona` int(11) NOT NULL
) ENGINE=InnoDB DEFAULT CHARSET=utf8mb4 COLLATE=utf8mb4_general_ci;

-- --------------------------------------------------------

--
-- Table structure for table `r_tienedomicilioen`
--

CREATE TABLE `r_tienedomicilioen` (
  `idComprador` int(11) NOT NULL,
  `idZona` int(11) NOT NULL
) ENGINE=InnoDB DEFAULT CHARSET=utf8mb4 COLLATE=utf8mb4_general_ci;

-- --------------------------------------------------------

--
-- Table structure for table `r_tieneedificiosen`
--

CREATE TABLE `r_tieneedificiosen` (
  `idZona` int(11) NOT NULL,
  `idEmpresa` int(11) NOT NULL
) ENGINE=InnoDB DEFAULT CHARSET=utf8mb4 COLLATE=utf8mb4_general_ci;

-- --------------------------------------------------------

--
-- Table structure for table `tarjetacredito`
--

CREATE TABLE `tarjetacredito` (
  `numTarjeta` varchar(16) NOT NULL,
  `CVC` varchar(4) NOT NULL,
  `fechaCad` date NOT NULL
) ENGINE=InnoDB DEFAULT CHARSET=utf8mb4 COLLATE=utf8mb4_general_ci;

-- --------------------------------------------------------

--
-- Table structure for table `tipoincidencia`
--

CREATE TABLE `tipoincidencia` (
  `tipo` varchar(50) NOT NULL
) ENGINE=InnoDB DEFAULT CHARSET=utf8mb4 COLLATE=utf8mb4_general_ci;

--
-- Dumping data for table `tipoincidencia`
--

INSERT INTO `tipoincidencia` (`tipo`) VALUES
('Comprador/a no encontrado'),
('En proceso de repartimiento'),
('Entregado al comprador/a'),
('Entregado en otro domicilio'),
('Rechazado');

-- --------------------------------------------------------

--
-- Table structure for table `vendedor`
--

CREATE TABLE `vendedor` (
  `idPersona` int(11) NOT NULL,
  `numAvisos` int(11) DEFAULT NULL
) ENGINE=InnoDB DEFAULT CHARSET=utf8mb4 COLLATE=utf8mb4_general_ci;

--
-- Dumping data for table `vendedor`
--

INSERT INTO `vendedor` (`idPersona`, `numAvisos`) VALUES
(1, 0),
(2, 1),
(3, 1),
(4, 0),
(5, 1),
(6, 0),
(7, 0),
(8, 0),
(9, 0),
(10, 1),
(11, 0),
(12, 0),
(13, 0),
(14, 0),
(15, 0),
(16, 1),
(17, 0),
(18, 0),
(19, 0),
(20, 1),
(21, 0),
(22, 1),
(23, 0),
(24, 0),
(25, 1),
(26, 0),
(27, 1),
(28, 0),
(29, 0),
(30, 1),
(31, 0),
(32, 0),
(33, 0),
(34, 0),
(35, 1),
(36, 0),
(37, 1),
(38, 0),
(39, 0),
(40, 0),
(41, 0),
(42, 0),
(43, 1),
(44, 0),
(45, 0),
(46, 1),
(47, 1),
(48, 1),
(49, 1),
(50, 0),
(51, 0),
(52, 1),
(53, 1),
(54, 0),
(55, 0),
(56, 1),
(57, 1),
(58, 1),
(59, 1),
(60, 1),
(61, 1),
(62, 0),
(63, 0),
(64, 1),
(65, 1),
(66, 1),
(67, 1),
(68, 1),
(69, 0),
(70, 0),
(71, 1),
(72, 0),
(73, 1),
(74, 1),
(75, 1),
(76, 0),
(77, 0),
(78, 0),
(79, 1),
(80, 0),
(81, 1),
(82, 0),
(83, 1),
(84, 1),
(85, 0),
(86, 1),
(87, 1),
(88, 1),
(89, 1),
(90, 0),
(91, 1),
(92, 1),
(93, 0),
(94, 1),
(95, 1),
(96, 0),
(97, 0),
(98, 1),
(99, 0),
(100, 0);

-- --------------------------------------------------------

--
-- Table structure for table `zona`
--

CREATE TABLE `zona` (
  `idZona` int(11) NOT NULL,
  `nombreZona` varchar(25) NOT NULL,
  `idZonaPadre` int(11) DEFAULT NULL
) ENGINE=InnoDB DEFAULT CHARSET=utf8mb4 COLLATE=utf8mb4_general_ci;

--
-- Indexes for dumped tables
--

--
-- Indexes for table `categoria`
--
ALTER TABLE `categoria`
  ADD PRIMARY KEY (`nombreCategoria`);

--
-- Indexes for table `comprador`
--
ALTER TABLE `comprador`
  ADD PRIMARY KEY (`idPersona`);

--
-- Indexes for table `controlador`
--
ALTER TABLE `controlador`
  ADD PRIMARY KEY (`idPersona`);

--
-- Indexes for table `empresadistribuidora`
--
ALTER TABLE `empresadistribuidora`
  ADD PRIMARY KEY (`idEmpresa`);

--
-- Indexes for table `fichaproducto`
--
ALTER TABLE `fichaproducto`
  ADD PRIMARY KEY (`idFichaProducto`),
  ADD KEY `idVendedor` (`idVendedor`),
  ADD KEY `nombreCategoria` (`nombreCategoria`);

--
-- Indexes for table `incidencia`
--
ALTER TABLE `incidencia`
  ADD PRIMARY KEY (`idIncidencia`),
  ADD KEY `idPedido` (`idPedido`),
  ADD KEY `tipo` (`tipo`);

--
-- Indexes for table `pedido`
--
ALTER TABLE `pedido`
  ADD PRIMARY KEY (`idPedido`),
  ADD KEY `idZona` (`idZona`),
  ADD KEY `idComprador` (`idComprador`),
  ADD KEY `idRepartidor` (`idRepartidor`);

--
-- Indexes for table `persona`
--
ALTER TABLE `persona`
  ADD PRIMARY KEY (`idPersona`);

--
-- Indexes for table `producto`
--
ALTER TABLE `producto`
  ADD PRIMARY KEY (`idProducto`),
  ADD KEY `idFichaProducto` (`idFichaProducto`);

--
-- Indexes for table `repartidor`
--
ALTER TABLE `repartidor`
  ADD PRIMARY KEY (`idPersona`),
  ADD KEY `idEmpresa` (`idEmpresa`);

--
-- Indexes for table `r_comprador_tarjetadecredito`
--
ALTER TABLE `r_comprador_tarjetadecredito`
  ADD PRIMARY KEY (`idComprador`,`numTarjeta`),
  ADD KEY `numTarjeta` (`numTarjeta`);

--
-- Indexes for table `r_fechadellegada`
--
ALTER TABLE `r_fechadellegada`
  ADD PRIMARY KEY (`idPedido`,`idProducto`),
  ADD KEY `idProducto` (`idProducto`);

--
-- Indexes for table `r_repartea`
--
ALTER TABLE `r_repartea`
  ADD PRIMARY KEY (`idEmpresa`,`idZona`),
  ADD KEY `idZona` (`idZona`);

--
-- Indexes for table `r_tienedomicilioen`
--
ALTER TABLE `r_tienedomicilioen`
  ADD PRIMARY KEY (`idComprador`,`idZona`),
  ADD KEY `idZona` (`idZona`);

--
-- Indexes for table `r_tieneedificiosen`
--
ALTER TABLE `r_tieneedificiosen`
  ADD PRIMARY KEY (`idZona`),
  ADD KEY `idEmpresa` (`idEmpresa`);

--
-- Indexes for table `tarjetacredito`
--
ALTER TABLE `tarjetacredito`
  ADD PRIMARY KEY (`numTarjeta`);

--
-- Indexes for table `tipoincidencia`
--
ALTER TABLE `tipoincidencia`
  ADD PRIMARY KEY (`tipo`);

--
-- Indexes for table `vendedor`
--
ALTER TABLE `vendedor`
  ADD PRIMARY KEY (`idPersona`);

--
-- Indexes for table `zona`
--
ALTER TABLE `zona`
  ADD PRIMARY KEY (`idZona`),
  ADD KEY `idZonaPadre` (`idZonaPadre`);

--
-- AUTO_INCREMENT for dumped tables
--

--
-- AUTO_INCREMENT for table `comprador`
--
ALTER TABLE `comprador`
  MODIFY `idPersona` int(11) NOT NULL AUTO_INCREMENT, AUTO_INCREMENT=851;

--
-- AUTO_INCREMENT for table `empresadistribuidora`
--
ALTER TABLE `empresadistribuidora`
  MODIFY `idEmpresa` int(11) NOT NULL AUTO_INCREMENT, AUTO_INCREMENT=58;

--
-- AUTO_INCREMENT for table `fichaproducto`
--
ALTER TABLE `fichaproducto`
  MODIFY `idFichaProducto` int(11) NOT NULL AUTO_INCREMENT, AUTO_INCREMENT=90;

--
-- AUTO_INCREMENT for table `incidencia`
--
ALTER TABLE `incidencia`
  MODIFY `idIncidencia` int(11) NOT NULL AUTO_INCREMENT;

--
-- AUTO_INCREMENT for table `pedido`
--
ALTER TABLE `pedido`
  MODIFY `idPedido` int(11) NOT NULL AUTO_INCREMENT;

--
-- AUTO_INCREMENT for table `persona`
--
ALTER TABLE `persona`
  MODIFY `idPersona` int(11) NOT NULL AUTO_INCREMENT, AUTO_INCREMENT=1001;

--
-- AUTO_INCREMENT for table `producto`
--
ALTER TABLE `producto`
  MODIFY `idProducto` int(11) NOT NULL AUTO_INCREMENT;

--
-- AUTO_INCREMENT for table `repartidor`
--
ALTER TABLE `repartidor`
  MODIFY `idPersona` int(11) NOT NULL AUTO_INCREMENT, AUTO_INCREMENT=1001;

--
-- AUTO_INCREMENT for table `r_tieneedificiosen`
--
ALTER TABLE `r_tieneedificiosen`
  MODIFY `idZona` int(11) NOT NULL AUTO_INCREMENT;

--
-- AUTO_INCREMENT for table `vendedor`
--
ALTER TABLE `vendedor`
  MODIFY `idPersona` int(11) NOT NULL AUTO_INCREMENT, AUTO_INCREMENT=101;

--
-- AUTO_INCREMENT for table `zona`
--
ALTER TABLE `zona`
  MODIFY `idZona` int(11) NOT NULL AUTO_INCREMENT;

--
-- Constraints for dumped tables
--

--
-- Constraints for table `fichaproducto`
--
ALTER TABLE `fichaproducto`
  ADD CONSTRAINT `fichaproducto_ibfk_1` FOREIGN KEY (`idVendedor`) REFERENCES `vendedor` (`idPersona`),
  ADD CONSTRAINT `fichaproducto_ibfk_2` FOREIGN KEY (`nombreCategoria`) REFERENCES `categoria` (`nombreCategoria`);

--
-- Constraints for table `incidencia`
--
ALTER TABLE `incidencia`
  ADD CONSTRAINT `incidencia_ibfk_1` FOREIGN KEY (`idPedido`) REFERENCES `pedido` (`idPedido`),
  ADD CONSTRAINT `incidencia_ibfk_2` FOREIGN KEY (`tipo`) REFERENCES `tipoincidencia` (`tipo`);

--
-- Constraints for table `pedido`
--
ALTER TABLE `pedido`
  ADD CONSTRAINT `pedido_ibfk_1` FOREIGN KEY (`idZona`) REFERENCES `zona` (`idZona`),
  ADD CONSTRAINT `pedido_ibfk_2` FOREIGN KEY (`idComprador`) REFERENCES `comprador` (`idPersona`),
  ADD CONSTRAINT `pedido_ibfk_3` FOREIGN KEY (`idRepartidor`) REFERENCES `repartidor` (`idPersona`);

--
-- Constraints for table `producto`
--
ALTER TABLE `producto`
  ADD CONSTRAINT `producto_ibfk_1` FOREIGN KEY (`idFichaProducto`) REFERENCES `fichaproducto` (`idFichaProducto`);

--
-- Constraints for table `repartidor`
--
ALTER TABLE `repartidor`
  ADD CONSTRAINT `repartidor_ibfk_1` FOREIGN KEY (`idEmpresa`) REFERENCES `empresadistribuidora` (`idEmpresa`);

--
-- Constraints for table `r_comprador_tarjetadecredito`
--
ALTER TABLE `r_comprador_tarjetadecredito`
  ADD CONSTRAINT `r_comprador_tarjetadecredito_ibfk_1` FOREIGN KEY (`idComprador`) REFERENCES `comprador` (`idPersona`),
  ADD CONSTRAINT `r_comprador_tarjetadecredito_ibfk_2` FOREIGN KEY (`numTarjeta`) REFERENCES `tarjetacredito` (`numTarjeta`);

--
-- Constraints for table `r_fechadellegada`
--
ALTER TABLE `r_fechadellegada`
  ADD CONSTRAINT `r_fechadellegada_ibfk_1` FOREIGN KEY (`idPedido`) REFERENCES `pedido` (`idPedido`),
  ADD CONSTRAINT `r_fechadellegada_ibfk_2` FOREIGN KEY (`idProducto`) REFERENCES `producto` (`idProducto`);

--
-- Constraints for table `r_repartea`
--
ALTER TABLE `r_repartea`
  ADD CONSTRAINT `r_repartea_ibfk_1` FOREIGN KEY (`idEmpresa`) REFERENCES `empresadistribuidora` (`idEmpresa`),
  ADD CONSTRAINT `r_repartea_ibfk_2` FOREIGN KEY (`idZona`) REFERENCES `zona` (`idZona`);

--
-- Constraints for table `r_tienedomicilioen`
--
ALTER TABLE `r_tienedomicilioen`
  ADD CONSTRAINT `r_tienedomicilioen_ibfk_1` FOREIGN KEY (`idComprador`) REFERENCES `comprador` (`idPersona`),
  ADD CONSTRAINT `r_tienedomicilioen_ibfk_2` FOREIGN KEY (`idZona`) REFERENCES `zona` (`idZona`);

--
-- Constraints for table `r_tieneedificiosen`
--
ALTER TABLE `r_tieneedificiosen`
  ADD CONSTRAINT `r_tieneedificiosen_ibfk_1` FOREIGN KEY (`idEmpresa`) REFERENCES `empresadistribuidora` (`idEmpresa`);

--
-- Constraints for table `zona`
--
ALTER TABLE `zona`
  ADD CONSTRAINT `zona_ibfk_1` FOREIGN KEY (`idZonaPadre`) REFERENCES `zona` (`idZona`);
COMMIT;

/*!40101 SET CHARACTER_SET_CLIENT=@OLD_CHARACTER_SET_CLIENT */;
/*!40101 SET CHARACTER_SET_RESULTS=@OLD_CHARACTER_SET_RESULTS */;
/*!40101 SET COLLATION_CONNECTION=@OLD_COLLATION_CONNECTION */;
